[13Nov2025 11:50:25.257] [main/INFO] [cpw.mods.modlauncher.Launcher/MODLAUNCHER]: ModLauncher running: args [--launchTarget, forgeclientdev, --version, 21.1.210, --assetIndex, asset-index, --assetsDir, C:\\Users\\yxshh\\.gradle\\caches\\minecraft\\assets, --gameDir, ., --fml.fmlVersion, 4.0.41, --fml.mcVersion, 1.21.1, --fml.neoForgeVersion, 21.1.210, --fml.neoFormVersion, 20240808.144430]
[13Nov2025 11:50:25.262] [main/INFO] [cpw.mods.modlauncher.Launcher/MODLAUNCHER]: JVM identified as Eclipse Adoptium OpenJDK 64-Bit Server VM 21.0.8+9-LTS
[13Nov2025 11:50:25.264] [main/INFO] [cpw.mods.modlauncher.Launcher/MODLAUNCHER]: ModLauncher 11.0.5+main.901c6ea8 starting: java version 21.0.8 by Eclipse Adoptium; OS Windows 11 arch amd64 version 10.0
[13Nov2025 11:50:25.334] [main/DEBUG] [cpw.mods.modlauncher.LaunchServiceHandler/MODLAUNCHER]: Found launch services [minecraft,forgeclient,forgedatauserdev,testharness,forgeserverdev,forgeserveruserdev,forgejunitdev,forgeclientdev,forgeclientuserdev,forgeserver,forgejunituserdev,forgedatadev]
[13Nov2025 11:50:25.363] [main/DEBUG] [cpw.mods.modlauncher.LaunchPluginHandler/MODLAUNCHER]: Found launch plugins: [mixin,slf4jfixer,runtime_enum_extender,accesstransformer,runtimedistcleaner]
[13Nov2025 11:50:25.386] [main/DEBUG] [cpw.mods.modlauncher.TransformationServicesHandler/MODLAUNCHER]: Discovering transformation services
[13Nov2025 11:50:25.397] [main/DEBUG] [net.neoforged.fml.loading.FMLPaths/CORE]: Path GAMEDIR is C:\Users\yxshh\Documents\Mods\FleshZ\runs\client
[13Nov2025 11:50:25.397] [main/DEBUG] [net.neoforged.fml.loading.FMLPaths/CORE]: Path MODSDIR is C:\Users\yxshh\Documents\Mods\FleshZ\runs\client\mods
[13Nov2025 11:50:25.397] [main/DEBUG] [net.neoforged.fml.loading.FMLPaths/CORE]: Path CONFIGDIR is C:\Users\yxshh\Documents\Mods\FleshZ\runs\client\config
[13Nov2025 11:50:25.397] [main/DEBUG] [net.neoforged.fml.loading.FMLPaths/CORE]: Path FMLCONFIG is C:\Users\yxshh\Documents\Mods\FleshZ\runs\client\config\fml.toml
[13Nov2025 11:50:25.440] [main/TRACE] [net.neoforged.fml.loading.FMLConfig/CORE]: Loaded FML config from C:\Users\yxshh\Documents\Mods\FleshZ\runs\client\config\fml.toml
[13Nov2025 11:50:25.440] [main/TRACE] [net.neoforged.fml.loading.FMLConfig/CORE]: FMLConfig disableConfigWatcher is false
[13Nov2025 11:50:25.440] [main/TRACE] [net.neoforged.fml.loading.FMLConfig/CORE]: FMLConfig earlyWindowControl is true
[13Nov2025 11:50:25.440] [main/TRACE] [net.neoforged.fml.loading.FMLConfig/CORE]: FMLConfig maxThreads is 8
[13Nov2025 11:50:25.440] [main/TRACE] [net.neoforged.fml.loading.FMLConfig/CORE]: FMLConfig versionCheck is true
[13Nov2025 11:50:25.440] [main/TRACE] [net.neoforged.fml.loading.FMLConfig/CORE]: FMLConfig defaultConfigPath is defaultconfigs
[13Nov2025 11:50:25.440] [main/TRACE] [net.neoforged.fml.loading.FMLConfig/CORE]: FMLConfig disableOptimizedDFU is true
[13Nov2025 11:50:25.440] [main/TRACE] [net.neoforged.fml.loading.FMLConfig/CORE]: FMLConfig earlyWindowProvider is fmlearlywindow
[13Nov2025 11:50:25.440] [main/TRACE] [net.neoforged.fml.loading.FMLConfig/CORE]: FMLConfig earlyWindowWidth is 854
[13Nov2025 11:50:25.440] [main/TRACE] [net.neoforged.fml.loading.FMLConfig/CORE]: FMLConfig earlyWindowHeight is 480
[13Nov2025 11:50:25.440] [main/TRACE] [net.neoforged.fml.loading.FMLConfig/CORE]: FMLConfig earlyWindowFBScale is 1
[13Nov2025 11:50:25.440] [main/TRACE] [net.neoforged.fml.loading.FMLConfig/CORE]: FMLConfig earlyWindowMaximized is false
[13Nov2025 11:50:25.440] [main/TRACE] [net.neoforged.fml.loading.FMLConfig/CORE]: FMLConfig earlyWindowSkipGLVersions is []
[13Nov2025 11:50:25.440] [main/TRACE] [net.neoforged.fml.loading.FMLConfig/CORE]: FMLConfig earlyWindowSquir is false
[13Nov2025 11:50:25.458] [main/DEBUG] [net.neoforged.fml.loading.targets.CommonLaunchHandler/CORE]: Got mod coordinates FleshZ%%C:\Users\yxshh\Documents\Mods\FleshZ\build\resources\main;FleshZ%%C:\Users\yxshh\Documents\Mods\FleshZ\build\classes\java\main from env
[13Nov2025 11:50:25.461] [main/DEBUG] [net.neoforged.fml.loading.targets.CommonLaunchHandler/CORE]: Found supplied mod coordinates [{FleshZ=[C:\Users\yxshh\Documents\Mods\FleshZ\build\resources\main, C:\Users\yxshh\Documents\Mods\FleshZ\build\classes\java\main]}]
[13Nov2025 11:50:25.467] [main/DEBUG] [cpw.mods.modlauncher.TransformationServicesHandler/MODLAUNCHER]: Found additional transformation services from discovery services: 
[13Nov2025 11:50:25.477] [main/INFO] [net.neoforged.fml.loading.ImmediateWindowHandler/]: Loading ImmediateWindowProvider fmlearlywindow
[13Nov2025 11:50:25.675] [main/INFO] [EARLYDISPLAY/]: Trying GL version 4.6
[13Nov2025 11:50:25.753] [main/INFO] [EARLYDISPLAY/]: Requested GL version 4.6 got version 4.6
[13Nov2025 11:50:25.873] [main/DEBUG] [cpw.mods.modlauncher.TransformationServicesHandler/MODLAUNCHER]: Found transformer services : [mixin,fml]
[13Nov2025 11:50:25.873] [main/DEBUG] [cpw.mods.modlauncher.TransformationServicesHandler/MODLAUNCHER]: Transformation services loading
[13Nov2025 11:50:25.873] [main/DEBUG] [cpw.mods.modlauncher.TransformationServiceDecorator/MODLAUNCHER]: Loading service mixin
[13Nov2025 11:50:25.873] [main/DEBUG] [cpw.mods.modlauncher.TransformationServiceDecorator/MODLAUNCHER]: Loaded service mixin
[13Nov2025 11:50:25.873] [main/DEBUG] [cpw.mods.modlauncher.TransformationServiceDecorator/MODLAUNCHER]: Loading service fml
[13Nov2025 11:50:25.875] [main/DEBUG] [net.neoforged.fml.loading.FMLLoader/CORE]: FML 4.0.41 loading
[13Nov2025 11:50:25.875] [main/DEBUG] [net.neoforged.fml.loading.FMLLoader/CORE]: FML found ModLauncher version : 11.0.5+main.901c6ea8
[13Nov2025 11:50:25.875] [main/DEBUG] [net.neoforged.fml.loading.FMLLoader/CORE]: FML found AccessTransformer version : 10.0.1+139da711
[13Nov2025 11:50:25.876] [main/DEBUG] [net.neoforged.fml.loading.FMLLoader/CORE]: FML found EventBus version : null
[13Nov2025 11:50:25.876] [main/DEBUG] [net.neoforged.fml.loading.FMLLoader/CORE]: Found Runtime Dist Cleaner
[13Nov2025 11:50:25.876] [main/DEBUG] [cpw.mods.modlauncher.TransformationServiceDecorator/MODLAUNCHER]: Loaded service fml
[13Nov2025 11:50:25.876] [main/DEBUG] [cpw.mods.modlauncher.TransformationServicesHandler/MODLAUNCHER]: Configuring option handling for services
[13Nov2025 11:50:25.907] [main/DEBUG] [net.neoforged.fml.loading.FMLServiceProvider/CORE]: Received command line version data  : VersionInfo[neoForgeVersion=21.1.210, fmlVersion=4.0.41, mcVersion=1.21.1, neoFormVersion=20240808.144430]
[13Nov2025 11:50:25.907] [main/DEBUG] [cpw.mods.modlauncher.TransformationServicesHandler/MODLAUNCHER]: Transformation services initializing
[13Nov2025 11:50:25.910] [main/DEBUG] [cpw.mods.modlauncher.TransformationServiceDecorator/MODLAUNCHER]: Initializing transformation service mixin
[13Nov2025 11:50:25.930] [main/DEBUG] [mixin/]: MixinService [ModLauncher] was successfully booted in cpw.mods.cl.ModuleClassLoader@2de8284b
[13Nov2025 11:50:25.949] [main/INFO] [mixin/]: SpongePowered MIXIN Subsystem Version=0.8.7 Source=union:/C:/Users/yxshh/.gradle/caches/modules-2/files-2.1/net.fabricmc/sponge-mixin/0.15.2+mixin.0.8.7/2af2f021d8e02a0220dc27a7a72b4666d66d44ca/sponge-mixin-0.15.2+mixin.0.8.7.jar%23142!/ Service=ModLauncher Env=CLIENT
[13Nov2025 11:50:25.955] [main/DEBUG] [mixin/]: Initialising Mixin Platform Manager
[13Nov2025 11:50:25.955] [main/DEBUG] [mixin/]: Adding mixin platform agents for container ModLauncher Root Container(ModLauncher:4f56a0a2)
[13Nov2025 11:50:25.955] [main/DEBUG] [mixin/]: Instancing new MixinPlatformAgentMinecraftForge for ModLauncher Root Container(ModLauncher:4f56a0a2)
[13Nov2025 11:50:25.957] [main/DEBUG] [mixin/]: MixinPlatformAgentMinecraftForge rejected container ModLauncher Root Container(ModLauncher:4f56a0a2)
[13Nov2025 11:50:25.958] [main/DEBUG] [mixin/]: Instancing new MixinPlatformAgentDefault for ModLauncher Root Container(ModLauncher:4f56a0a2)
[13Nov2025 11:50:25.958] [main/DEBUG] [mixin/]: MixinPlatformAgentDefault accepted container ModLauncher Root Container(ModLauncher:4f56a0a2)
[13Nov2025 11:50:25.962] [main/DEBUG] [cpw.mods.modlauncher.TransformationServiceDecorator/MODLAUNCHER]: Initialized transformation service mixin
[13Nov2025 11:50:25.962] [main/DEBUG] [cpw.mods.modlauncher.TransformationServiceDecorator/MODLAUNCHER]: Initializing transformation service fml
[13Nov2025 11:50:25.962] [main/DEBUG] [net.neoforged.fml.loading.FMLServiceProvider/CORE]: Setting up basic FML game directories
[13Nov2025 11:50:25.962] [main/DEBUG] [net.neoforged.fml.loading.FMLPaths/CORE]: Path GAMEDIR is C:\Users\yxshh\Documents\Mods\FleshZ\runs\client
[13Nov2025 11:50:25.962] [main/DEBUG] [net.neoforged.fml.loading.FMLPaths/CORE]: Path MODSDIR is C:\Users\yxshh\Documents\Mods\FleshZ\runs\client\mods
[13Nov2025 11:50:25.962] [main/DEBUG] [net.neoforged.fml.loading.FMLPaths/CORE]: Path CONFIGDIR is C:\Users\yxshh\Documents\Mods\FleshZ\runs\client\config
[13Nov2025 11:50:25.962] [main/DEBUG] [net.neoforged.fml.loading.FMLPaths/CORE]: Path FMLCONFIG is C:\Users\yxshh\Documents\Mods\FleshZ\runs\client\config\fml.toml
[13Nov2025 11:50:25.962] [main/DEBUG] [net.neoforged.fml.loading.FMLServiceProvider/CORE]: Loading configuration
[13Nov2025 11:50:25.971] [main/TRACE] [net.neoforged.fml.loading.FMLConfig/CORE]: Loaded FML config from C:\Users\yxshh\Documents\Mods\FleshZ\runs\client\config\fml.toml
[13Nov2025 11:50:25.971] [main/TRACE] [net.neoforged.fml.loading.FMLConfig/CORE]: FMLConfig disableConfigWatcher is false
[13Nov2025 11:50:25.974] [main/TRACE] [net.neoforged.fml.loading.FMLConfig/CORE]: FMLConfig earlyWindowControl is true
[13Nov2025 11:50:25.974] [main/TRACE] [net.neoforged.fml.loading.FMLConfig/CORE]: FMLConfig maxThreads is 8
[13Nov2025 11:50:25.974] [main/TRACE] [net.neoforged.fml.loading.FMLConfig/CORE]: FMLConfig versionCheck is true
[13Nov2025 11:50:25.974] [main/TRACE] [net.neoforged.fml.loading.FMLConfig/CORE]: FMLConfig defaultConfigPath is defaultconfigs
[13Nov2025 11:50:25.974] [main/TRACE] [net.neoforged.fml.loading.FMLConfig/CORE]: FMLConfig disableOptimizedDFU is true
[13Nov2025 11:50:25.974] [main/TRACE] [net.neoforged.fml.loading.FMLConfig/CORE]: FMLConfig earlyWindowProvider is fmlearlywindow
[13Nov2025 11:50:25.974] [main/TRACE] [net.neoforged.fml.loading.FMLConfig/CORE]: FMLConfig earlyWindowWidth is 854
[13Nov2025 11:50:25.974] [main/TRACE] [net.neoforged.fml.loading.FMLConfig/CORE]: FMLConfig earlyWindowHeight is 480
[13Nov2025 11:50:25.974] [main/TRACE] [net.neoforged.fml.loading.FMLConfig/CORE]: FMLConfig earlyWindowFBScale is 1
[13Nov2025 11:50:25.974] [main/TRACE] [net.neoforged.fml.loading.FMLConfig/CORE]: FMLConfig earlyWindowMaximized is false
[13Nov2025 11:50:25.974] [main/TRACE] [net.neoforged.fml.loading.FMLConfig/CORE]: FMLConfig earlyWindowSkipGLVersions is []
[13Nov2025 11:50:25.974] [main/TRACE] [net.neoforged.fml.loading.FMLConfig/CORE]: FMLConfig earlyWindowSquir is false
[13Nov2025 11:50:25.979] [main/DEBUG] [net.neoforged.fml.loading.LaunchContext/SCAN]: Located paths when launch context was created: [C:\Users\yxshh\.gradle\caches\modules-2\files-2.1\org.jline\jline-reader\3.20.0\8f15415b022a25b473e8e16c28ae913186ffb9c4\jline-reader-3.20.0.jar, C:\Users\yxshh\.gradle\caches\modules-2\files-2.1\net.jodah\typetools\0.6.3\a01aaa6ddaea9ec07ec4f209487b7a46a526283a\typetools-0.6.3.jar, C:\Users\yxshh\.gradle\caches\modules-2\files-2.1\io.netty\netty-handler\4.1.97.Final\abb86c6906bf512bf2b797a41cd7d2e8d3cd7c36\netty-handler-4.1.97.Final.jar, C:\Users\yxshh\.gradle\caches\modules-2\files-2.1\org.lwjgl\lwjgl-stb\3.3.3\25dd6161988d7e65f71d5065c99902402ee32746\lwjgl-stb-3.3.3.jar, C:\Users\yxshh\.gradle\caches\modules-2\files-2.1\com.google.code.gson\gson\2.10.1\b3add478d4382b78ea20b1671390a858002feb6c\gson-2.10.1.jar, C:\Users\yxshh\.gradle\caches\modules-2\files-2.1\net.minecrell\terminalconsoleappender\1.3.0\b562e9bb61235c9520e26282cdee71f8f802d1fc\terminalconsoleappender-1.3.0.jar, C:\Users\yxshh\.gradle\caches\modules-2\files-2.1\ca.weblite\java-objc-bridge\1.1\1227f9e0666314f9de41477e3ec277e542ed7f7b\java-objc-bridge-1.1.jar, C:\Users\yxshh\.gradle\caches\modules-2\files-2.1\com.machinezoo.noexception\noexception\1.7.1\b65330c98e38a1f915fa54a6e5eca496505e3f0a\noexception-1.7.1.jar, C:\Users\yxshh\.gradle\caches\modules-2\files-2.1\net.neoforged\JarJarMetadata\0.4.1\f8da03683dc81694556dc3e177c5e3bb77ae6fcb\JarJarMetadata-0.4.1.jar, C:\Users\yxshh\.gradle\caches\modules-2\files-2.1\io.netty\netty-resolver\4.1.97.Final\cec8348108dc76c47cf87c669d514be52c922144\netty-resolver-4.1.97.Final.jar, C:\Users\yxshh\.gradle\caches\modules-2\files-2.1\org.lwjgl\lwjgl-tinyfd\3.3.3\a6697981b0449a5087c1d546fc08b4f73e8f98c9\lwjgl-tinyfd-3.3.3-natives-windows.jar, C:\Users\yxshh\.gradle\caches\modules-2\files-2.1\io.netty\netty-codec\4.1.97.Final\384ba4d75670befbedb45c4d3b497a93639c206d\netty-codec-4.1.97.Final.jar, C:\Users\yxshh\.gradle\caches\modules-2\files-2.1\org.lwjgl\lwjgl-tinyfd\3.3.3\82d755ca94b102e9ca77283b9e2dc46d1b15fbe5\lwjgl-tinyfd-3.3.3.jar, C:\Users\yxshh\.gradle\caches\modules-2\files-2.1\it.unimi.dsi\fastutil\8.5.12\c24946d46824bd528054bface3231d2ecb7e95e8\fastutil-8.5.12.jar, C:\Users\yxshh\.gradle\caches\modules-2\files-2.1\io.netty\netty-transport-native-unix-common\4.1.97.Final\d469d84265ab70095b01b40886cabdd433b6e664\netty-transport-native-unix-common-4.1.97.Final.jar, C:\Users\yxshh\.gradle\caches\modules-2\files-2.1\org.jline\jline-terminal\3.20.0\d0ddcc708ddf527a3454c941b7b9225cc83a15ff\jline-terminal-3.20.0.jar, C:\Users\yxshh\.gradle\caches\modules-2\files-2.1\org.lwjgl\lwjgl-openal\3.3.3\daada81ceb5fc0c291fbfdd4433cb8d9423577f2\lwjgl-openal-3.3.3.jar, C:\Users\yxshh\.gradle\caches\modules-2\files-2.1\net.fabricmc\sponge-mixin\0.15.2+mixin.0.8.7\2af2f021d8e02a0220dc27a7a72b4666d66d44ca\sponge-mixin-0.15.2+mixin.0.8.7.jar, C:\Users\yxshh\.gradle\caches\modules-2\files-2.1\org.apache.logging.log4j\log4j-slf4j2-impl\2.22.1\d7e6693c2606cb7e7335047d7bb96dec52db5665\log4j-slf4j2-impl-2.22.1.jar, C:\Users\yxshh\.gradle\caches\modules-2\files-2.1\com.google.code.findbugs\jsr305\3.0.2\25ea2e8b0c338a877313bd4672d3fe056ea78f0d\jsr305-3.0.2.jar, C:\Users\yxshh\.gradle\caches\modules-2\files-2.1\net.neoforged.fancymodloader\earlydisplay\4.0.41\53dfbd387ed1b88c7d144bdb6551b7f57d5da6d7\earlydisplay-4.0.41.jar, C:\Users\yxshh\.gradle\caches\modules-2\files-2.1\net.java.dev.jna\jna\5.14.0\67bf3eaea4f0718cb376a181a629e5f88fa1c9dd\jna-5.14.0.jar, C:\Users\yxshh\.gradle\caches\modules-2\files-2.1\io.netty\netty-transport\4.1.97.Final\f37380d23c9bb079bc702910833b2fd532c9abd0\netty-transport-4.1.97.Final.jar, C:\Users\yxshh\.gradle\caches\modules-2\files-2.1\org.apache.httpcomponents\httpcore\4.4.16\51cf043c87253c9f58b539c9f7e44c8894223850\httpcore-4.4.16.jar, C:\Users\yxshh\.gradle\caches\modules-2\files-2.1\com.mojang\patchy\2.2.10\da05971b07cbb379d002cf7eaec6a2048211fefc\patchy-2.2.10.jar, C:\Users\yxshh\.gradle\caches\modules-2\files-2.1\org.apache.httpcomponents\httpclient\4.5.13\e5f6cae5ca7ecaac1ec2827a9e2d65ae2869cada\httpclient-4.5.13.jar, C:\Users\yxshh\.gradle\caches\modules-2\files-2.1\org.lwjgl\lwjgl-stb\3.3.3\1d9facdf6541de114b0f963be33505b7679c78cb\lwjgl-stb-3.3.3-natives-windows.jar, C:\Users\yxshh\.gradle\caches\modules-2\files-2.1\com.electronwill.night-config\toml\3.8.3\90b2fd6efcb4a7d5b9810cf78f9d824994d717f2\toml-3.8.3.jar, C:\Users\yxshh\Documents\Mods\FleshZ\.gradle\repositories\ng_dummy_ng\net\minecraft\client\1.21.1\client-1.21.1-client-extra.jar, C:\Users\yxshh\.gradle\caches\modules-2\files-2.1\org.slf4j\slf4j-api\2.0.9\7cf2726fdcfbc8610f9a71fb3ed639871f315340\slf4j-api-2.0.9.jar, C:\Users\yxshh\.gradle\caches\modules-2\files-2.1\commons-logging\commons-logging\1.2\4bfc12adfe4842bf07b657f0369c4cb522955686\commons-logging-1.2.jar, C:\Users\yxshh\.gradle\caches\modules-2\files-2.1\com.google.guava\guava\32.1.2-jre\5e64ec7e056456bef3a4bc4c6fdaef71e8ab6318\guava-32.1.2-jre.jar, C:\Users\yxshh\.gradle\caches\modules-2\files-2.1\org.lwjgl\lwjgl\3.3.3\29589b5f87ed335a6c7e7ee6a5775f81f97ecb84\lwjgl-3.3.3.jar, C:\Users\yxshh\.gradle\caches\modules-2\files-2.1\net.neoforged.fancymodloader\loader\4.0.41\3aebc81b9347fa87bb629ffaed20276f2a4c944e\loader-4.0.41.jar, C:\Users\yxshh\.gradle\caches\modules-2\files-2.1\org.openjdk.nashorn\nashorn-core\15.4\f67f5ffaa5f5130cf6fb9b133da00c7df3b532a5\nashorn-core-15.4.jar, C:\Users\yxshh\.gradle\caches\modules-2\files-2.1\net.sf.jopt-simple\jopt-simple\5.0.4\4fdac2fbe92dfad86aa6e9301736f6b4342a3f5c\jopt-simple-5.0.4.jar, C:\Users\yxshh\.gradle\caches\modules-2\files-2.1\io.netty\netty-buffer\4.1.97.Final\f8f3d8644afa5e6e1a40a3a6aeb9d9aa970ecb4f\netty-buffer-4.1.97.Final.jar, C:\Users\yxshh\.gradle\caches\modules-2\files-2.1\net.neoforged.accesstransformers\at-modlauncher\10.0.1\5aba50202aceead086bc09fbc2751c9f05cb4890\at-modlauncher-10.0.1.jar, C:\Users\yxshh\.gradle\caches\modules-2\files-2.1\org.jetbrains\annotations\24.1.0\7af6a669488450c4a07c2c3254e2151df42d7d04\annotations-24.1.0.jar, C:\Users\yxshh\.gradle\caches\modules-2\files-2.1\net.neoforged\coremods\7.0.3\9147e6f638b4272b3bd5fc8f92ad37802512c6c\coremods-7.0.3.jar, C:\Users\yxshh\.gradle\caches\modules-2\files-2.1\com.mojang\text2speech\1.17.9\3cad216e3a7f0c19b4b394388bc9ffc446f13b14\text2speech-1.17.9.jar, C:\Users\yxshh\.gradle\caches\modules-2\files-2.1\org.codehaus.plexus\plexus-utils\3.3.0\cf43b5391de623b36fe066a21127baef82c64022\plexus-utils-3.3.0.jar, C:\Users\yxshh\.gradle\caches\modules-2\files-2.1\io.netty\netty-transport-classes-epoll\4.1.97.Final\795da37ded759e862457a82d9d92c4d39ce8ecee\netty-transport-classes-epoll-4.1.97.Final.jar, C:\Users\yxshh\.gradle\caches\modules-2\files-2.1\org.apache.logging.log4j\log4j-api\2.22.1\bea6fede6328fabafd7e68363161a7ea6605abd1\log4j-api-2.22.1.jar, C:\Users\yxshh\.gradle\caches\modules-2\files-2.1\net.neoforged\accesstransformers\10.0.1\fd83b5725f76eae9115e9355fa1c456a6a441400\accesstransformers-10.0.1.jar, C:\Users\yxshh\.gradle\caches\modules-2\files-2.1\com.mojang\datafixerupper\8.0.16\67d4de6d7f95d89bcf5862995fb854ebaec02a34\datafixerupper-8.0.16.jar, C:\Users\yxshh\.gradle\caches\modules-2\files-2.1\com.google.guava\listenablefuture\9999.0-empty-to-avoid-conflict-with-guava\b421526c5f297295adef1c886e5246c39d4ac629\listenablefuture-9999.0-empty-to-avoid-conflict-with-guava.jar, C:\Users\yxshh\.gradle\caches\modules-2\files-2.1\org.antlr\antlr4-runtime\4.13.1\17125bae1d965624e265ef49552f6465a2bfa307\antlr4-runtime-4.13.1.jar, C:\Users\yxshh\.gradle\caches\modules-2\files-2.1\com.ibm.icu\icu4j\73.2\61ad4ef7f9131fcf6d25c34b817f90d6da06c9e9\icu4j-73.2.jar, C:\Users\yxshh\.gradle\caches\modules-2\files-2.1\net.neoforged\mergetool\2.0.3\1275202cbbb248f49345cf6787ce299afd9a02fb\mergetool-2.0.3-api.jar, C:\Users\yxshh\.gradle\caches\modules-2\files-2.1\org.apache.commons\commons-compress\1.26.0\659feffdd12280201c8aacb8f7be94f9a883c824\commons-compress-1.26.0.jar, C:\Users\yxshh\.gradle\caches\modules-2\files-2.1\org.apache.logging.log4j\log4j-core\2.22.1\7183a25510a02ad00cc6a95d3b3d2a7d3c5a8dc4\log4j-core-2.22.1.jar, C:\Users\yxshh\.gradle\caches\modules-2\files-2.1\org.lwjgl\lwjgl-jemalloc\3.3.3\b543467b7ff3c6920539a88ee602d34098628be5\lwjgl-jemalloc-3.3.3.jar, C:\Users\yxshh\.gradle\caches\modules-2\files-2.1\org.jcraft\jorbis\0.0.17\8872d22b293e8f5d7d56ff92be966e6dc28ebdc6\jorbis-0.0.17.jar, C:\Users\yxshh\.gradle\caches\modules-2\files-2.1\org.checkerframework\checker-qual\3.33.0\de2b60b62da487644fc11f734e73c8b0b431238f\checker-qual-3.33.0.jar, C:\Users\yxshh\.gradle\caches\modules-2\files-2.1\com.mojang\authlib\6.0.54\de8bc95660e1b2fe8793fd427a7a10dcec5b3ea7\authlib-6.0.54.jar, C:\Users\yxshh\.gradle\caches\modules-2\files-2.1\org.lz4\lz4-java\1.8.0\4b986a99445e49ea5fbf5d149c4b63f6ed6c6780\lz4-java-1.8.0.jar, C:\Users\yxshh\.gradle\caches\modules-2\files-2.1\org.lwjgl\lwjgl-jemalloc\3.3.3\426222fc027602a5f21b9c0fe79cde6a4c7a011f\lwjgl-jemalloc-3.3.3-natives-windows.jar, C:\Users\yxshh\.gradle\caches\modules-2\files-2.1\org.lwjgl\lwjgl-glfw\3.3.3\efa1eb78c5ccd840e9f329717109b5e892d72f8e\lwjgl-glfw-3.3.3.jar, C:\Users\yxshh\.gradle\caches\modules-2\files-2.1\com.mojang\blocklist\1.0.10\5c685c5ffa94c4cd39496c7184c1d122e515ecef\blocklist-1.0.10.jar, C:\Users\yxshh\.gradle\caches\modules-2\files-2.1\commons-codec\commons-codec\1.16.0\4e3eb3d79888d76b54e28b350915b5dc3919c9de\commons-codec-1.16.0.jar, C:\Users\yxshh\.gradle\caches\modules-2\files-2.1\org.joml\joml\1.10.5\22566d58af70ad3d72308bab63b8339906deb649\joml-1.10.5.jar, C:\Users\yxshh\.gradle\caches\modules-2\files-2.1\com.google.guava\failureaccess\1.0.1\1dcf1de382a0bf95a3d8b0849546c88bac1292c9\failureaccess-1.0.1.jar, C:\Users\yxshh\.gradle\caches\modules-2\files-2.1\org.lwjgl\lwjgl-opengl\3.3.3\65e956d3735a1abdc82eff4baec1b61174697d4b\lwjgl-opengl-3.3.3-natives-windows-arm64.jar, C:\Users\yxshh\.gradle\caches\modules-2\files-2.1\com.github.oshi\oshi-core\6.4.10\b1d8ab82d11d92fd639b56d639f8f46f739dd5fa\oshi-core-6.4.10.jar, C:\Users\yxshh\.gradle\caches\modules-2\files-2.1\net.neoforged\bus\8.0.5\5b2d33285ab5d1554e9798ad98c40d6ea3868bd5\bus-8.0.5.jar, C:\Users\yxshh\.gradle\caches\modules-2\files-2.1\io.netty\netty-common\4.1.97.Final\7cceacaf11df8dc63f23d0fb58e9d4640fc88404\netty-common-4.1.97.Final.jar, C:\Users\yxshh\.gradle\caches\modules-2\files-2.1\com.mojang\logging\1.2.7\24cb95ffb0e3433fd6e844c04e68009e504ca1c0\logging-1.2.7.jar, C:\Users\yxshh\.gradle\caches\modules-2\files-2.1\com.google.errorprone\error_prone_annotations\2.18.0\89b684257096f548fa39a7df9fdaa409d4d4df91\error_prone_annotations-2.18.0.jar, C:\Users\yxshh\.gradle\caches\modules-2\files-2.1\com.electronwill.night-config\core\3.8.3\b442a95f09e349927f5a945ecb594455870fcf4f\core-3.8.3.jar, C:\Users\yxshh\.gradle\caches\modules-2\files-2.1\com.mojang\brigadier\1.3.10\d15b53a14cf20fdcaa98f731af5dda654452c010\brigadier-1.3.10.jar, C:\Users\yxshh\.gradle\caches\modules-2\files-2.1\org.lwjgl\lwjgl-opengl\3.3.3\2f6b0147078396a58979125a4c947664e98293a\lwjgl-opengl-3.3.3.jar, C:\Users\yxshh\.gradle\caches\modules-2\files-2.1\commons-io\commons-io\2.15.1\f11560da189ab563a5c8e351941415430e9304ea\commons-io-2.15.1.jar, C:\Users\yxshh\.gradle\caches\modules-2\files-2.1\com.google.j2objc\j2objc-annotations\2.8\c85270e307e7b822f1086b93689124b89768e273\j2objc-annotations-2.8.jar, C:\Users\yxshh\.gradle\caches\modules-2\files-2.1\org.lwjgl\lwjgl-glfw\3.3.3\32334f3fd5270a59bad9939a93115acb6de36dcf\lwjgl-glfw-3.3.3-natives-windows-x86.jar, C:\Users\yxshh\.gradle\caches\modules-2\files-2.1\org.lwjgl\lwjgl-freetype\3.3.3\15a8c1de7f51d07a92eae7ce1222557073a0c0c3\lwjgl-freetype-3.3.3-natives-windows-x86.jar, C:\Users\yxshh\.gradle\caches\modules-2\files-2.1\org.lwjgl\lwjgl-freetype\3.3.3\a0db6c84a8becc8ca05f9dbfa985edc348a824c7\lwjgl-freetype-3.3.3.jar, C:\Users\yxshh\.gradle\caches\modules-2\files-2.1\net.minecraftforge\srgutils\0.4.15\ca408b131759478f164e010fae0d73997e125fb5\srgutils-0.4.15.jar, C:\Users\yxshh\.gradle\caches\modules-2\files-2.1\net.neoforged\JarJarSelector\0.4.1\fb3cc7a58af22ad2880adb98af6d518128c47dae\JarJarSelector-0.4.1.jar, C:\Users\yxshh\.gradle\caches\modules-2\files-2.1\org.lwjgl\lwjgl\3.3.3\9e670718e050aeaeea0c2d5b907cffb142f2e58f\lwjgl-3.3.3-natives-windows-x86.jar, C:\Users\yxshh\.gradle\caches\modules-2\files-2.1\org.apache.maven\maven-artifact\3.8.5\4433f50c07debefaed0553bd0068f4f48d449313\maven-artifact-3.8.5.jar, C:\Users\yxshh\.gradle\caches\modules-2\files-2.1\org.apache.commons\commons-lang3\3.14.0\1ed471194b02f2c6cb734a0cd6f6f107c673afae\commons-lang3-3.14.0.jar, C:\Users\yxshh\.gradle\caches\modules-2\files-2.1\org.lwjgl\lwjgl-openal\3.3.3\87b8d5050e3adb46bb58fe1cb2669a4a48fce10d\lwjgl-openal-3.3.3-natives-windows-x86.jar, C:\Users\yxshh\.gradle\caches\modules-2\files-2.1\cpw.mods\modlauncher\11.0.5\b8f0d49294f733fdb6173931b263553e943dc950\modlauncher-11.0.5.jar, C:\Users\yxshh\.gradle\caches\modules-2\files-2.1\net.java.dev.jna\jna-platform\5.14.0\28934d48aed814f11e4c584da55c49fa7032b31b\jna-platform-5.14.0.jar]
[13Nov2025 11:50:25.979] [main/DEBUG] [net.neoforged.fml.loading.FMLServiceProvider/CORE]: Preparing launch handler
[13Nov2025 11:50:25.981] [main/DEBUG] [net.neoforged.fml.loading.FMLLoader/CORE]: Using forgeclientdev as launch service
[13Nov2025 11:50:25.981] [main/DEBUG] [net.neoforged.fml.common.asm.RuntimeDistCleaner/DISTXFORM]: Configuring for Dist CLIENT
[13Nov2025 11:50:25.983] [main/DEBUG] [cpw.mods.modlauncher.TransformationServiceDecorator/MODLAUNCHER]: Initialized transformation service fml
[13Nov2025 11:50:25.983] [main/DEBUG] [cpw.mods.modlauncher.TransformationServicesHandler/MODLAUNCHER]: Transformation services begin scanning
[13Nov2025 11:50:25.985] [main/DEBUG] [cpw.mods.modlauncher.TransformationServiceDecorator/MODLAUNCHER]: Beginning scan trigger - transformation service mixin
[13Nov2025 11:50:25.985] [main/DEBUG] [cpw.mods.modlauncher.TransformationServiceDecorator/MODLAUNCHER]: End scan trigger - transformation service mixin
[13Nov2025 11:50:25.985] [main/DEBUG] [cpw.mods.modlauncher.TransformationServiceDecorator/MODLAUNCHER]: Beginning scan trigger - transformation service fml
[13Nov2025 11:50:25.985] [main/DEBUG] [net.neoforged.fml.loading.FMLServiceProvider/CORE]: Initiating mod scan
[13Nov2025 11:50:25.988] [main/DEBUG] [net.neoforged.fml.loading.targets.CommonLaunchHandler/CORE]: Got mod coordinates FleshZ%%C:\Users\yxshh\Documents\Mods\FleshZ\build\resources\main;FleshZ%%C:\Users\yxshh\Documents\Mods\FleshZ\build\classes\java\main from env
[13Nov2025 11:50:25.988] [main/DEBUG] [net.neoforged.fml.loading.targets.CommonLaunchHandler/CORE]: Found supplied mod coordinates [{FleshZ=[C:\Users\yxshh\Documents\Mods\FleshZ\build\resources\main, C:\Users\yxshh\Documents\Mods\FleshZ\build\classes\java\main]}]
[13Nov2025 11:50:25.990] [main/DEBUG] [net.neoforged.fml.loading.targets.CommonDevLaunchHandler/]: Launching with NeoForge from C:\Users\yxshh\Documents\Mods\FleshZ\.gradle\repositories\ng_dummy_ng\net\neoforged\neoforge\21.1.210\neoforge-21.1.210.jar
[13Nov2025 11:50:26.015] [main/DEBUG] [net.neoforged.fml.util.ServiceLoaderUtil/CORE]: Found 4 implementations of IModFileCandidateLocator:
[13Nov2025 11:50:26.015] [main/DEBUG] [net.neoforged.fml.util.ServiceLoaderUtil/CORE]: 	       0 - [built-in] net.neoforged.fml.loading.moddiscovery.locators.NeoForgeDevProvider from loader-4.0.41.jar
[13Nov2025 11:50:26.018] [main/DEBUG] [net.neoforged.fml.util.ServiceLoaderUtil/CORE]: 	       0 - net.neoforged.fml.loading.moddiscovery.locators.ModsFolderLocator from loader-4.0.41.jar
[13Nov2025 11:50:26.018] [main/DEBUG] [net.neoforged.fml.util.ServiceLoaderUtil/CORE]: 	       0 - net.neoforged.fml.loading.moddiscovery.locators.MavenDirectoryLocator from loader-4.0.41.jar
[13Nov2025 11:50:26.018] [main/DEBUG] [net.neoforged.fml.util.ServiceLoaderUtil/CORE]: 	   -1000 - [built-in] net.neoforged.fml.loading.moddiscovery.locators.UserdevLocator from loader-4.0.41.jar
[13Nov2025 11:50:26.022] [main/DEBUG] [net.neoforged.fml.util.ServiceLoaderUtil/CORE]: Found 2 implementations of IModFileReader:
[13Nov2025 11:50:26.022] [main/DEBUG] [net.neoforged.fml.util.ServiceLoaderUtil/CORE]: 	       0 - net.neoforged.fml.loading.moddiscovery.readers.JarModsDotTomlModFileReader from loader-4.0.41.jar
[13Nov2025 11:50:26.022] [main/DEBUG] [net.neoforged.fml.util.ServiceLoaderUtil/CORE]: 	   -1000 - net.neoforged.fml.loading.moddiscovery.readers.NestedLibraryModReader from loader-4.0.41.jar
[13Nov2025 11:50:26.024] [main/DEBUG] [net.neoforged.fml.util.ServiceLoaderUtil/CORE]: Found 1 implementations of IDependencyLocator:
[13Nov2025 11:50:26.024] [main/DEBUG] [net.neoforged.fml.util.ServiceLoaderUtil/CORE]: 	       0 - net.neoforged.fml.loading.moddiscovery.locators.JarInJarDependencyLocator from loader-4.0.41.jar
[13Nov2025 11:50:26.024] [main/DEBUG] [net.neoforged.fml.loading.moddiscovery.ModDiscoverer/SCAN]: Scanning for mods and other resources to load. We know 4 ways to find mods
[13Nov2025 11:50:26.024] [main/DEBUG] [net.neoforged.fml.loading.moddiscovery.ModDiscoverer/SCAN]: Trying locator neoforge devenv provider ([C:\Users\yxshh\Documents\Mods\FleshZ\.gradle\repositories\ng_dummy_ng\net\neoforged\neoforge\21.1.210\neoforge-21.1.210.jar])
[13Nov2025 11:50:26.149] [main/DEBUG] [net.neoforged.fml.loading.moddiscovery.ModFileInfo/LOADING]: Found valid mod file neoforge-21.1.210.jar with {minecraft} mods - versions {1.21.1}
[13Nov2025 11:50:26.149] [main/INFO] [net.neoforged.fml.loading.moddiscovery.ModDiscoverer/SCAN]: Found mod file "neoforge-21.1.210.jar" [locator: neoforge devenv provider ([C:\Users\yxshh\Documents\Mods\FleshZ\.gradle\repositories\ng_dummy_ng\net\neoforged\neoforge\21.1.210\neoforge-21.1.210.jar])]
[13Nov2025 11:50:26.169] [main/DEBUG] [net.neoforged.fml.loading.moddiscovery.readers.JarModsDotTomlModFileReader/SCAN]: Found META-INF/neoforge.mods.toml mod of type null: C:\Users\yxshh\Documents\Mods\FleshZ\.gradle\repositories\ng_dummy_ng\net\neoforged\neoforge\21.1.210\neoforge-21.1.210.jar
[13Nov2025 11:50:26.169] [main/DEBUG] [net.neoforged.fml.loading.moddiscovery.ModFileParser/LOADING]: Considering mod file candidate C:\Users\yxshh\Documents\Mods\FleshZ\.gradle\repositories\ng_dummy_ng\net\neoforged\neoforge\21.1.210\neoforge-21.1.210.jar
[13Nov2025 11:50:26.203] [main/DEBUG] [net.neoforged.fml.loading.moddiscovery.ModFileInfo/LOADING]: Found valid mod file neoforge-21.1.210.jar with {neoforge} mods - versions {21.1.210}
[13Nov2025 11:50:26.203] [main/INFO] [net.neoforged.fml.loading.moddiscovery.ModDiscoverer/SCAN]: Found mod file "neoforge-21.1.210.jar" [locator: neoforge devenv provider ([C:\Users\yxshh\Documents\Mods\FleshZ\.gradle\repositories\ng_dummy_ng\net\neoforged\neoforge\21.1.210\neoforge-21.1.210.jar])]
[13Nov2025 11:50:26.203] [main/DEBUG] [net.neoforged.fml.loading.moddiscovery.ModDiscoverer/SCAN]: Locator neoforge devenv provider ([C:\Users\yxshh\Documents\Mods\FleshZ\.gradle\repositories\ng_dummy_ng\net\neoforged\neoforge\21.1.210\neoforge-21.1.210.jar]) found 2 mods, 0 warnings, 0 errors and skipped 0 candidates
[13Nov2025 11:50:26.203] [main/DEBUG] [net.neoforged.fml.loading.moddiscovery.ModDiscoverer/SCAN]: Trying locator {mods folder locator at C:\Users\yxshh\Documents\Mods\FleshZ\runs\client\mods}
[13Nov2025 11:50:26.203] [main/DEBUG] [net.neoforged.fml.loading.moddiscovery.locators.ModsFolderLocator/SCAN]: Scanning mods dir C:\Users\yxshh\Documents\Mods\FleshZ\runs\client\mods for mods
[13Nov2025 11:50:26.207] [main/DEBUG] [net.neoforged.fml.loading.moddiscovery.ModDiscoverer/SCAN]: Locator {mods folder locator at C:\Users\yxshh\Documents\Mods\FleshZ\runs\client\mods} found 0 mods, 0 warnings, 0 errors and skipped 0 candidates
[13Nov2025 11:50:26.207] [main/DEBUG] [net.neoforged.fml.loading.moddiscovery.ModDiscoverer/SCAN]: Trying locator maven libs
[13Nov2025 11:50:26.212] [main/DEBUG] [net.neoforged.fml.loading.moddiscovery.ModListHandler/CORE]: Found mod coordinates from lists: []
[13Nov2025 11:50:26.212] [main/DEBUG] [net.neoforged.fml.loading.moddiscovery.ModDiscoverer/SCAN]: Locator maven libs found 0 mods, 0 warnings, 0 errors and skipped 0 candidates
[13Nov2025 11:50:26.212] [main/DEBUG] [net.neoforged.fml.loading.moddiscovery.ModDiscoverer/SCAN]: Trying locator userdev mods and services
[13Nov2025 11:50:26.303] [main/ERROR] [net.neoforged.fml.loading.moddiscovery.ModDiscoverer/SCAN]: Skipping jar. File C:\Users\yxshh\Documents\Mods\FleshZ\build\resources\main is for Minecraft Forge or an older version of NeoForge, and cannot be loaded
[13Nov2025 11:50:26.315] [pool-2-thread-1/INFO] [EARLYDISPLAY/]: GL info: Intel(R) UHD Graphics GL version 4.6.0 - Build 27.20.100.8935, Intel
[13Nov2025 11:50:26.323] [main/DEBUG] [net.neoforged.fml.loading.moddiscovery.readers.JarModsDotTomlModFileReader/SCAN]: Found META-INF/neoforge.mods.toml mod of type null: C:\Users\yxshh\Documents\Mods\FleshZ\.gradle\repositories\ng_dummy_ng\net\neoforged\neoforge\21.1.210\neoforge-21.1.210.jar
[13Nov2025 11:50:26.323] [main/DEBUG] [net.neoforged.fml.loading.moddiscovery.ModFileParser/LOADING]: Considering mod file candidate C:\Users\yxshh\Documents\Mods\FleshZ\.gradle\repositories\ng_dummy_ng\net\neoforged\neoforge\21.1.210\neoforge-21.1.210.jar
[13Nov2025 11:50:26.325] [main/DEBUG] [net.neoforged.fml.loading.moddiscovery.ModFileInfo/LOADING]: Found valid mod file neoforge-21.1.210.jar with {neoforge} mods - versions {21.1.210}
[13Nov2025 11:50:26.327] [main/INFO] [net.neoforged.fml.loading.moddiscovery.ModDiscoverer/SCAN]: Found mod file "neoforge-21.1.210.jar" [locator: userdev mods and services, reader: mod manifest]
[13Nov2025 11:50:26.363] [main/DEBUG] [net.neoforged.fml.loading.moddiscovery.ModDiscoverer/]: Skipping C:\Users\yxshh\.gradle\caches\modules-2\files-2.1\com.github.oshi\oshi-core\6.4.10\b1d8ab82d11d92fd639b56d639f8f46f739dd5fa\oshi-core-6.4.10.jar because it was already located earlier
[13Nov2025 11:50:26.363] [main/DEBUG] [net.neoforged.fml.loading.moddiscovery.ModDiscoverer/]: Skipping C:\Users\yxshh\.gradle\caches\modules-2\files-2.1\com.mojang\authlib\6.0.54\de8bc95660e1b2fe8793fd427a7a10dcec5b3ea7\authlib-6.0.54.jar because it was already located earlier
[13Nov2025 11:50:26.363] [main/DEBUG] [net.neoforged.fml.loading.moddiscovery.ModDiscoverer/]: Skipping C:\Users\yxshh\.gradle\caches\modules-2\files-2.1\com.mojang\datafixerupper\8.0.16\67d4de6d7f95d89bcf5862995fb854ebaec02a34\datafixerupper-8.0.16.jar because it was already located earlier
[13Nov2025 11:50:26.363] [main/DEBUG] [net.neoforged.fml.loading.moddiscovery.ModDiscoverer/]: Skipping C:\Users\yxshh\.gradle\caches\modules-2\files-2.1\net.neoforged.fancymodloader\earlydisplay\4.0.41\53dfbd387ed1b88c7d144bdb6551b7f57d5da6d7\earlydisplay-4.0.41.jar because it was already located earlier
[13Nov2025 11:50:26.370] [main/DEBUG] [net.neoforged.fml.loading.moddiscovery.ModDiscoverer/]: Skipping C:\Users\yxshh\.gradle\caches\modules-2\files-2.1\net.neoforged.fancymodloader\loader\4.0.41\3aebc81b9347fa87bb629ffaed20276f2a4c944e\loader-4.0.41.jar because it was already located earlier
[13Nov2025 11:50:26.370] [main/DEBUG] [net.neoforged.fml.loading.moddiscovery.ModDiscoverer/]: Skipping C:\Users\yxshh\.gradle\caches\modules-2\files-2.1\net.neoforged\JarJarSelector\0.4.1\fb3cc7a58af22ad2880adb98af6d518128c47dae\JarJarSelector-0.4.1.jar because it was already located earlier
[13Nov2025 11:50:26.370] [main/DEBUG] [net.neoforged.fml.loading.moddiscovery.ModDiscoverer/]: Skipping C:\Users\yxshh\.gradle\caches\modules-2\files-2.1\net.neoforged\JarJarMetadata\0.4.1\f8da03683dc81694556dc3e177c5e3bb77ae6fcb\JarJarMetadata-0.4.1.jar because it was already located earlier
[13Nov2025 11:50:26.370] [main/DEBUG] [net.neoforged.fml.loading.moddiscovery.ModDiscoverer/]: Skipping C:\Users\yxshh\.gradle\caches\modules-2\files-2.1\net.fabricmc\sponge-mixin\0.15.2+mixin.0.8.7\2af2f021d8e02a0220dc27a7a72b4666d66d44ca\sponge-mixin-0.15.2+mixin.0.8.7.jar because it was already located earlier
[13Nov2025 11:50:26.370] [main/DEBUG] [net.neoforged.fml.loading.moddiscovery.ModDiscoverer/]: Skipping C:\Users\yxshh\.gradle\caches\modules-2\files-2.1\com.google.code.gson\gson\2.10.1\b3add478d4382b78ea20b1671390a858002feb6c\gson-2.10.1.jar because it was already located earlier
[13Nov2025 11:50:26.370] [main/DEBUG] [net.neoforged.fml.loading.moddiscovery.ModDiscoverer/]: Skipping C:\Users\yxshh\.gradle\caches\modules-2\files-2.1\com.mojang\patchy\2.2.10\da05971b07cbb379d002cf7eaec6a2048211fefc\patchy-2.2.10.jar because it was already located earlier
[13Nov2025 11:50:26.370] [main/DEBUG] [net.neoforged.fml.loading.moddiscovery.ModDiscoverer/]: Skipping C:\Users\yxshh\.gradle\caches\modules-2\files-2.1\com.mojang\text2speech\1.17.9\3cad216e3a7f0c19b4b394388bc9ffc446f13b14\text2speech-1.17.9.jar because it was already located earlier
[13Nov2025 11:50:26.370] [main/DEBUG] [net.neoforged.fml.loading.moddiscovery.ModDiscoverer/]: Skipping C:\Users\yxshh\.gradle\caches\modules-2\files-2.1\com.google.guava\guava\32.1.2-jre\5e64ec7e056456bef3a4bc4c6fdaef71e8ab6318\guava-32.1.2-jre.jar because it was already located earlier
[13Nov2025 11:50:26.371] [main/DEBUG] [net.neoforged.fml.loading.moddiscovery.ModDiscoverer/]: Skipping C:\Users\yxshh\.gradle\caches\modules-2\files-2.1\com.google.guava\failureaccess\1.0.1\1dcf1de382a0bf95a3d8b0849546c88bac1292c9\failureaccess-1.0.1.jar because it was already located earlier
[13Nov2025 11:50:26.371] [main/DEBUG] [net.neoforged.fml.loading.moddiscovery.ModDiscoverer/]: Skipping C:\Users\yxshh\.gradle\caches\modules-2\files-2.1\com.ibm.icu\icu4j\73.2\61ad4ef7f9131fcf6d25c34b817f90d6da06c9e9\icu4j-73.2.jar because it was already located earlier
[13Nov2025 11:50:26.371] [main/DEBUG] [net.neoforged.fml.loading.moddiscovery.ModDiscoverer/]: Skipping C:\Users\yxshh\.gradle\caches\modules-2\files-2.1\com.mojang\blocklist\1.0.10\5c685c5ffa94c4cd39496c7184c1d122e515ecef\blocklist-1.0.10.jar because it was already located earlier
[13Nov2025 11:50:26.371] [main/DEBUG] [net.neoforged.fml.loading.moddiscovery.ModDiscoverer/]: Skipping C:\Users\yxshh\.gradle\caches\modules-2\files-2.1\com.mojang\brigadier\1.3.10\d15b53a14cf20fdcaa98f731af5dda654452c010\brigadier-1.3.10.jar because it was already located earlier
[13Nov2025 11:50:26.371] [main/DEBUG] [net.neoforged.fml.loading.moddiscovery.ModDiscoverer/]: Skipping C:\Users\yxshh\.gradle\caches\modules-2\files-2.1\com.mojang\logging\1.2.7\24cb95ffb0e3433fd6e844c04e68009e504ca1c0\logging-1.2.7.jar because it was already located earlier
[13Nov2025 11:50:26.371] [main/DEBUG] [net.neoforged.fml.loading.moddiscovery.ModDiscoverer/]: Skipping C:\Users\yxshh\.gradle\caches\modules-2\files-2.1\org.apache.httpcomponents\httpclient\4.5.13\e5f6cae5ca7ecaac1ec2827a9e2d65ae2869cada\httpclient-4.5.13.jar because it was already located earlier
[13Nov2025 11:50:26.371] [main/DEBUG] [net.neoforged.fml.loading.moddiscovery.ModDiscoverer/]: Skipping C:\Users\yxshh\.gradle\caches\modules-2\files-2.1\commons-codec\commons-codec\1.16.0\4e3eb3d79888d76b54e28b350915b5dc3919c9de\commons-codec-1.16.0.jar because it was already located earlier
[13Nov2025 11:50:26.371] [main/DEBUG] [net.neoforged.fml.loading.moddiscovery.ModDiscoverer/]: Skipping C:\Users\yxshh\.gradle\caches\modules-2\files-2.1\org.apache.commons\commons-compress\1.26.0\659feffdd12280201c8aacb8f7be94f9a883c824\commons-compress-1.26.0.jar because it was already located earlier
[13Nov2025 11:50:26.371] [main/DEBUG] [net.neoforged.fml.loading.moddiscovery.ModDiscoverer/]: Skipping C:\Users\yxshh\.gradle\caches\modules-2\files-2.1\commons-io\commons-io\2.15.1\f11560da189ab563a5c8e351941415430e9304ea\commons-io-2.15.1.jar because it was already located earlier
[13Nov2025 11:50:26.371] [main/DEBUG] [net.neoforged.fml.loading.moddiscovery.ModDiscoverer/]: Skipping C:\Users\yxshh\.gradle\caches\modules-2\files-2.1\commons-logging\commons-logging\1.2\4bfc12adfe4842bf07b657f0369c4cb522955686\commons-logging-1.2.jar because it was already located earlier
[13Nov2025 11:50:26.371] [main/DEBUG] [net.neoforged.fml.loading.moddiscovery.ModDiscoverer/]: Skipping C:\Users\yxshh\.gradle\caches\modules-2\files-2.1\io.netty\netty-handler\4.1.97.Final\abb86c6906bf512bf2b797a41cd7d2e8d3cd7c36\netty-handler-4.1.97.Final.jar because it was already located earlier
[13Nov2025 11:50:26.371] [main/DEBUG] [net.neoforged.fml.loading.moddiscovery.ModDiscoverer/]: Skipping C:\Users\yxshh\.gradle\caches\modules-2\files-2.1\io.netty\netty-codec\4.1.97.Final\384ba4d75670befbedb45c4d3b497a93639c206d\netty-codec-4.1.97.Final.jar because it was already located earlier
[13Nov2025 11:50:26.371] [main/DEBUG] [net.neoforged.fml.loading.moddiscovery.ModDiscoverer/]: Skipping C:\Users\yxshh\.gradle\caches\modules-2\files-2.1\io.netty\netty-transport-classes-epoll\4.1.97.Final\795da37ded759e862457a82d9d92c4d39ce8ecee\netty-transport-classes-epoll-4.1.97.Final.jar because it was already located earlier
[13Nov2025 11:50:26.371] [main/DEBUG] [net.neoforged.fml.loading.moddiscovery.ModDiscoverer/]: Skipping C:\Users\yxshh\.gradle\caches\modules-2\files-2.1\io.netty\netty-transport-native-unix-common\4.1.97.Final\d469d84265ab70095b01b40886cabdd433b6e664\netty-transport-native-unix-common-4.1.97.Final.jar because it was already located earlier
[13Nov2025 11:50:26.371] [main/DEBUG] [net.neoforged.fml.loading.moddiscovery.ModDiscoverer/]: Skipping C:\Users\yxshh\.gradle\caches\modules-2\files-2.1\io.netty\netty-transport\4.1.97.Final\f37380d23c9bb079bc702910833b2fd532c9abd0\netty-transport-4.1.97.Final.jar because it was already located earlier
[13Nov2025 11:50:26.371] [main/DEBUG] [net.neoforged.fml.loading.moddiscovery.ModDiscoverer/]: Skipping C:\Users\yxshh\.gradle\caches\modules-2\files-2.1\io.netty\netty-buffer\4.1.97.Final\f8f3d8644afa5e6e1a40a3a6aeb9d9aa970ecb4f\netty-buffer-4.1.97.Final.jar because it was already located earlier
[13Nov2025 11:50:26.373] [main/DEBUG] [net.neoforged.fml.loading.moddiscovery.ModDiscoverer/]: Skipping C:\Users\yxshh\.gradle\caches\modules-2\files-2.1\io.netty\netty-resolver\4.1.97.Final\cec8348108dc76c47cf87c669d514be52c922144\netty-resolver-4.1.97.Final.jar because it was already located earlier
[13Nov2025 11:50:26.373] [main/DEBUG] [net.neoforged.fml.loading.moddiscovery.ModDiscoverer/]: Skipping C:\Users\yxshh\.gradle\caches\modules-2\files-2.1\io.netty\netty-common\4.1.97.Final\7cceacaf11df8dc63f23d0fb58e9d4640fc88404\netty-common-4.1.97.Final.jar because it was already located earlier
[13Nov2025 11:50:26.373] [main/DEBUG] [net.neoforged.fml.loading.moddiscovery.ModDiscoverer/]: Skipping C:\Users\yxshh\.gradle\caches\modules-2\files-2.1\it.unimi.dsi\fastutil\8.5.12\c24946d46824bd528054bface3231d2ecb7e95e8\fastutil-8.5.12.jar because it was already located earlier
[13Nov2025 11:50:26.373] [main/DEBUG] [net.neoforged.fml.loading.moddiscovery.ModDiscoverer/]: Skipping C:\Users\yxshh\.gradle\caches\modules-2\files-2.1\net.java.dev.jna\jna-platform\5.14.0\28934d48aed814f11e4c584da55c49fa7032b31b\jna-platform-5.14.0.jar because it was already located earlier
[13Nov2025 11:50:26.373] [main/DEBUG] [net.neoforged.fml.loading.moddiscovery.ModDiscoverer/]: Skipping C:\Users\yxshh\.gradle\caches\modules-2\files-2.1\ca.weblite\java-objc-bridge\1.1\1227f9e0666314f9de41477e3ec277e542ed7f7b\java-objc-bridge-1.1.jar because it was already located earlier
[13Nov2025 11:50:26.373] [main/DEBUG] [net.neoforged.fml.loading.moddiscovery.ModDiscoverer/]: Skipping C:\Users\yxshh\.gradle\caches\modules-2\files-2.1\net.java.dev.jna\jna\5.14.0\67bf3eaea4f0718cb376a181a629e5f88fa1c9dd\jna-5.14.0.jar because it was already located earlier
[13Nov2025 11:50:26.373] [main/DEBUG] [net.neoforged.fml.loading.moddiscovery.ModDiscoverer/]: Skipping C:\Users\yxshh\.gradle\caches\modules-2\files-2.1\net.neoforged\mergetool\2.0.3\1275202cbbb248f49345cf6787ce299afd9a02fb\mergetool-2.0.3-api.jar because it was already located earlier
[13Nov2025 11:50:26.373] [main/DEBUG] [net.neoforged.fml.loading.moddiscovery.ModDiscoverer/]: Skipping C:\Users\yxshh\.gradle\caches\modules-2\files-2.1\net.neoforged.accesstransformers\at-modlauncher\10.0.1\5aba50202aceead086bc09fbc2751c9f05cb4890\at-modlauncher-10.0.1.jar because it was already located earlier
[13Nov2025 11:50:26.373] [main/DEBUG] [net.neoforged.fml.loading.moddiscovery.ModDiscoverer/]: Skipping C:\Users\yxshh\.gradle\caches\modules-2\files-2.1\net.neoforged\coremods\7.0.3\9147e6f638b4272b3bd5fc8f92ad37802512c6c\coremods-7.0.3.jar because it was already located earlier
[13Nov2025 11:50:26.373] [main/DEBUG] [net.neoforged.fml.loading.moddiscovery.ModDiscoverer/]: Skipping C:\Users\yxshh\.gradle\caches\modules-2\files-2.1\cpw.mods\modlauncher\11.0.5\b8f0d49294f733fdb6173931b263553e943dc950\modlauncher-11.0.5.jar because it was already located earlier
[13Nov2025 11:50:26.373] [main/DEBUG] [net.neoforged.fml.loading.moddiscovery.ModDiscoverer/]: Skipping C:\Users\yxshh\.gradle\caches\modules-2\files-2.1\net.sf.jopt-simple\jopt-simple\5.0.4\4fdac2fbe92dfad86aa6e9301736f6b4342a3f5c\jopt-simple-5.0.4.jar because it was already located earlier
[13Nov2025 11:50:26.373] [main/DEBUG] [net.neoforged.fml.loading.moddiscovery.ModDiscoverer/]: Skipping C:\Users\yxshh\.gradle\caches\modules-2\files-2.1\org.apache.maven\maven-artifact\3.8.5\4433f50c07debefaed0553bd0068f4f48d449313\maven-artifact-3.8.5.jar because it was already located earlier
[13Nov2025 11:50:26.373] [main/DEBUG] [net.neoforged.fml.loading.moddiscovery.ModDiscoverer/]: Skipping C:\Users\yxshh\.gradle\caches\modules-2\files-2.1\org.apache.commons\commons-lang3\3.14.0\1ed471194b02f2c6cb734a0cd6f6f107c673afae\commons-lang3-3.14.0.jar because it was already located earlier
[13Nov2025 11:50:26.373] [main/DEBUG] [net.neoforged.fml.loading.moddiscovery.ModDiscoverer/]: Skipping C:\Users\yxshh\.gradle\caches\modules-2\files-2.1\org.apache.httpcomponents\httpcore\4.4.16\51cf043c87253c9f58b539c9f7e44c8894223850\httpcore-4.4.16.jar because it was already located earlier
[13Nov2025 11:50:26.373] [main/DEBUG] [net.neoforged.fml.loading.moddiscovery.ModDiscoverer/]: Skipping C:\Users\yxshh\.gradle\caches\modules-2\files-2.1\org.apache.logging.log4j\log4j-slf4j2-impl\2.22.1\d7e6693c2606cb7e7335047d7bb96dec52db5665\log4j-slf4j2-impl-2.22.1.jar because it was already located earlier
[13Nov2025 11:50:26.373] [main/DEBUG] [net.neoforged.fml.loading.moddiscovery.ModDiscoverer/]: Skipping C:\Users\yxshh\.gradle\caches\modules-2\files-2.1\net.minecrell\terminalconsoleappender\1.3.0\b562e9bb61235c9520e26282cdee71f8f802d1fc\terminalconsoleappender-1.3.0.jar because it was already located earlier
[13Nov2025 11:50:26.373] [main/DEBUG] [net.neoforged.fml.loading.moddiscovery.ModDiscoverer/]: Skipping C:\Users\yxshh\.gradle\caches\modules-2\files-2.1\org.apache.logging.log4j\log4j-core\2.22.1\7183a25510a02ad00cc6a95d3b3d2a7d3c5a8dc4\log4j-core-2.22.1.jar because it was already located earlier
[13Nov2025 11:50:26.373] [main/DEBUG] [net.neoforged.fml.loading.moddiscovery.ModDiscoverer/]: Skipping C:\Users\yxshh\.gradle\caches\modules-2\files-2.1\net.neoforged\bus\8.0.5\5b2d33285ab5d1554e9798ad98c40d6ea3868bd5\bus-8.0.5.jar because it was already located earlier
[13Nov2025 11:50:26.373] [main/DEBUG] [net.neoforged.fml.loading.moddiscovery.ModDiscoverer/]: Skipping C:\Users\yxshh\.gradle\caches\modules-2\files-2.1\org.apache.logging.log4j\log4j-api\2.22.1\bea6fede6328fabafd7e68363161a7ea6605abd1\log4j-api-2.22.1.jar because it was already located earlier
[13Nov2025 11:50:26.373] [main/DEBUG] [net.neoforged.fml.loading.moddiscovery.ModDiscoverer/]: Skipping C:\Users\yxshh\.gradle\caches\modules-2\files-2.1\org.jcraft\jorbis\0.0.17\8872d22b293e8f5d7d56ff92be966e6dc28ebdc6\jorbis-0.0.17.jar because it was already located earlier
[13Nov2025 11:50:26.373] [main/DEBUG] [net.neoforged.fml.loading.moddiscovery.ModDiscoverer/]: Skipping C:\Users\yxshh\.gradle\caches\modules-2\files-2.1\org.joml\joml\1.10.5\22566d58af70ad3d72308bab63b8339906deb649\joml-1.10.5.jar because it was already located earlier
[13Nov2025 11:50:26.373] [main/DEBUG] [net.neoforged.fml.loading.moddiscovery.ModDiscoverer/]: Skipping C:\Users\yxshh\.gradle\caches\modules-2\files-2.1\org.lwjgl\lwjgl-freetype\3.3.3\a0db6c84a8becc8ca05f9dbfa985edc348a824c7\lwjgl-freetype-3.3.3.jar because it was already located earlier
[13Nov2025 11:50:26.391] [main/DEBUG] [net.neoforged.fml.loading.moddiscovery.ModDiscoverer/]: Skipping C:\Users\yxshh\.gradle\caches\modules-2\files-2.1\org.lwjgl\lwjgl-freetype\3.3.3\15a8c1de7f51d07a92eae7ce1222557073a0c0c3\lwjgl-freetype-3.3.3-natives-windows-x86.jar because it was already located earlier
[13Nov2025 11:50:26.391] [main/DEBUG] [net.neoforged.fml.loading.moddiscovery.ModDiscoverer/]: Skipping C:\Users\yxshh\.gradle\caches\modules-2\files-2.1\org.lwjgl\lwjgl-glfw\3.3.3\efa1eb78c5ccd840e9f329717109b5e892d72f8e\lwjgl-glfw-3.3.3.jar because it was already located earlier
[13Nov2025 11:50:26.405] [main/DEBUG] [net.neoforged.fml.loading.moddiscovery.ModDiscoverer/]: Skipping C:\Users\yxshh\.gradle\caches\modules-2\files-2.1\org.lwjgl\lwjgl-glfw\3.3.3\32334f3fd5270a59bad9939a93115acb6de36dcf\lwjgl-glfw-3.3.3-natives-windows-x86.jar because it was already located earlier
[13Nov2025 11:50:26.405] [main/DEBUG] [net.neoforged.fml.loading.moddiscovery.ModDiscoverer/]: Skipping C:\Users\yxshh\.gradle\caches\modules-2\files-2.1\org.lwjgl\lwjgl-jemalloc\3.3.3\b543467b7ff3c6920539a88ee602d34098628be5\lwjgl-jemalloc-3.3.3.jar because it was already located earlier
[13Nov2025 11:50:26.405] [main/DEBUG] [net.neoforged.fml.loading.moddiscovery.ModDiscoverer/]: Skipping C:\Users\yxshh\.gradle\caches\modules-2\files-2.1\org.lwjgl\lwjgl-jemalloc\3.3.3\426222fc027602a5f21b9c0fe79cde6a4c7a011f\lwjgl-jemalloc-3.3.3-natives-windows.jar because it was already located earlier
[13Nov2025 11:50:26.420] [main/DEBUG] [net.neoforged.fml.loading.moddiscovery.ModDiscoverer/]: Skipping C:\Users\yxshh\.gradle\caches\modules-2\files-2.1\org.lwjgl\lwjgl-openal\3.3.3\daada81ceb5fc0c291fbfdd4433cb8d9423577f2\lwjgl-openal-3.3.3.jar because it was already located earlier
[13Nov2025 11:50:26.433] [main/DEBUG] [net.neoforged.fml.loading.moddiscovery.ModDiscoverer/]: Skipping C:\Users\yxshh\.gradle\caches\modules-2\files-2.1\org.lwjgl\lwjgl-openal\3.3.3\87b8d5050e3adb46bb58fe1cb2669a4a48fce10d\lwjgl-openal-3.3.3-natives-windows-x86.jar because it was already located earlier
[13Nov2025 11:50:26.433] [main/DEBUG] [net.neoforged.fml.loading.moddiscovery.ModDiscoverer/]: Skipping C:\Users\yxshh\.gradle\caches\modules-2\files-2.1\org.lwjgl\lwjgl-opengl\3.3.3\2f6b0147078396a58979125a4c947664e98293a\lwjgl-opengl-3.3.3.jar because it was already located earlier
[13Nov2025 11:50:26.438] [main/DEBUG] [net.neoforged.fml.loading.moddiscovery.ModDiscoverer/]: Skipping C:\Users\yxshh\.gradle\caches\modules-2\files-2.1\org.lwjgl\lwjgl-opengl\3.3.3\65e956d3735a1abdc82eff4baec1b61174697d4b\lwjgl-opengl-3.3.3-natives-windows-arm64.jar because it was already located earlier
[13Nov2025 11:50:26.443] [main/DEBUG] [net.neoforged.fml.loading.moddiscovery.ModDiscoverer/]: Skipping C:\Users\yxshh\.gradle\caches\modules-2\files-2.1\org.lwjgl\lwjgl-stb\3.3.3\25dd6161988d7e65f71d5065c99902402ee32746\lwjgl-stb-3.3.3.jar because it was already located earlier
[13Nov2025 11:50:26.443] [main/DEBUG] [net.neoforged.fml.loading.moddiscovery.ModDiscoverer/]: Skipping C:\Users\yxshh\.gradle\caches\modules-2\files-2.1\org.lwjgl\lwjgl-stb\3.3.3\1d9facdf6541de114b0f963be33505b7679c78cb\lwjgl-stb-3.3.3-natives-windows.jar because it was already located earlier
[13Nov2025 11:50:26.452] [main/DEBUG] [net.neoforged.fml.loading.moddiscovery.ModDiscoverer/]: Skipping C:\Users\yxshh\.gradle\caches\modules-2\files-2.1\org.lwjgl\lwjgl-tinyfd\3.3.3\82d755ca94b102e9ca77283b9e2dc46d1b15fbe5\lwjgl-tinyfd-3.3.3.jar because it was already located earlier
[13Nov2025 11:50:26.452] [main/DEBUG] [net.neoforged.fml.loading.moddiscovery.ModDiscoverer/]: Skipping C:\Users\yxshh\.gradle\caches\modules-2\files-2.1\org.lwjgl\lwjgl-tinyfd\3.3.3\a6697981b0449a5087c1d546fc08b4f73e8f98c9\lwjgl-tinyfd-3.3.3-natives-windows.jar because it was already located earlier
[13Nov2025 11:50:26.465] [main/DEBUG] [net.neoforged.fml.loading.moddiscovery.ModDiscoverer/]: Skipping C:\Users\yxshh\.gradle\caches\modules-2\files-2.1\org.lwjgl\lwjgl\3.3.3\29589b5f87ed335a6c7e7ee6a5775f81f97ecb84\lwjgl-3.3.3.jar because it was already located earlier
[13Nov2025 11:50:26.468] [main/DEBUG] [net.neoforged.fml.loading.moddiscovery.ModDiscoverer/]: Skipping C:\Users\yxshh\.gradle\caches\modules-2\files-2.1\org.lwjgl\lwjgl\3.3.3\9e670718e050aeaeea0c2d5b907cffb142f2e58f\lwjgl-3.3.3-natives-windows-x86.jar because it was already located earlier
[13Nov2025 11:50:26.468] [main/DEBUG] [net.neoforged.fml.loading.moddiscovery.ModDiscoverer/]: Skipping C:\Users\yxshh\.gradle\caches\modules-2\files-2.1\org.lz4\lz4-java\1.8.0\4b986a99445e49ea5fbf5d149c4b63f6ed6c6780\lz4-java-1.8.0.jar because it was already located earlier
[13Nov2025 11:50:26.468] [main/DEBUG] [net.neoforged.fml.loading.moddiscovery.ModDiscoverer/]: Skipping C:\Users\yxshh\.gradle\caches\modules-2\files-2.1\net.neoforged\accesstransformers\10.0.1\fd83b5725f76eae9115e9355fa1c456a6a441400\accesstransformers-10.0.1.jar because it was already located earlier
[13Nov2025 11:50:26.468] [main/DEBUG] [net.neoforged.fml.loading.moddiscovery.ModDiscoverer/]: Skipping C:\Users\yxshh\.gradle\caches\modules-2\files-2.1\com.machinezoo.noexception\noexception\1.7.1\b65330c98e38a1f915fa54a6e5eca496505e3f0a\noexception-1.7.1.jar because it was already located earlier
[13Nov2025 11:50:26.468] [main/DEBUG] [net.neoforged.fml.loading.moddiscovery.ModDiscoverer/]: Skipping C:\Users\yxshh\.gradle\caches\modules-2\files-2.1\org.slf4j\slf4j-api\2.0.9\7cf2726fdcfbc8610f9a71fb3ed639871f315340\slf4j-api-2.0.9.jar because it was already located earlier
[13Nov2025 11:50:26.468] [main/DEBUG] [net.neoforged.fml.loading.moddiscovery.ModDiscoverer/]: Skipping C:\Users\yxshh\.gradle\caches\modules-2\files-2.1\com.google.code.findbugs\jsr305\3.0.2\25ea2e8b0c338a877313bd4672d3fe056ea78f0d\jsr305-3.0.2.jar because it was already located earlier
[13Nov2025 11:50:26.468] [main/DEBUG] [net.neoforged.fml.loading.moddiscovery.ModDiscoverer/]: Skipping C:\Users\yxshh\.gradle\caches\modules-2\files-2.1\org.jetbrains\annotations\24.1.0\7af6a669488450c4a07c2c3254e2151df42d7d04\annotations-24.1.0.jar because it was already located earlier
[13Nov2025 11:50:26.468] [main/DEBUG] [net.neoforged.fml.loading.moddiscovery.ModDiscoverer/]: Skipping C:\Users\yxshh\.gradle\caches\modules-2\files-2.1\com.electronwill.night-config\toml\3.8.3\90b2fd6efcb4a7d5b9810cf78f9d824994d717f2\toml-3.8.3.jar because it was already located earlier
[13Nov2025 11:50:26.468] [main/DEBUG] [net.neoforged.fml.loading.moddiscovery.ModDiscoverer/]: Skipping C:\Users\yxshh\.gradle\caches\modules-2\files-2.1\com.electronwill.night-config\core\3.8.3\b442a95f09e349927f5a945ecb594455870fcf4f\core-3.8.3.jar because it was already located earlier
[13Nov2025 11:50:26.468] [main/DEBUG] [net.neoforged.fml.loading.moddiscovery.ModDiscoverer/]: Skipping C:\Users\yxshh\.gradle\caches\modules-2\files-2.1\net.jodah\typetools\0.6.3\a01aaa6ddaea9ec07ec4f209487b7a46a526283a\typetools-0.6.3.jar because it was already located earlier
[13Nov2025 11:50:26.468] [main/DEBUG] [net.neoforged.fml.loading.moddiscovery.ModDiscoverer/]: Skipping C:\Users\yxshh\.gradle\caches\modules-2\files-2.1\org.openjdk.nashorn\nashorn-core\15.4\f67f5ffaa5f5130cf6fb9b133da00c7df3b532a5\nashorn-core-15.4.jar because it was already located earlier
[13Nov2025 11:50:26.480] [main/DEBUG] [net.neoforged.fml.loading.moddiscovery.readers.JarModsDotTomlModFileReader/SCAN]: Found META-INF/MANIFEST.MF mod of type GAMELIBRARY: C:\Users\yxshh\.gradle\caches\modules-2\files-2.1\io.github.llamalad7\mixinextras-neoforge\0.5.0\d734b83ce6542bb70ea31755c1595b88992dbe65\mixinextras-neoforge-0.5.0.jar
[13Nov2025 11:50:26.480] [main/INFO] [net.neoforged.fml.loading.moddiscovery.ModDiscoverer/SCAN]: Found gamelibrary file "mixinextras-neoforge-0.5.0.jar" [locator: userdev mods and services, reader: mod manifest]
[13Nov2025 11:50:26.480] [main/DEBUG] [net.neoforged.fml.loading.moddiscovery.ModDiscoverer/]: Skipping C:\Users\yxshh\.gradle\caches\modules-2\files-2.1\org.antlr\antlr4-runtime\4.13.1\17125bae1d965624e265ef49552f6465a2bfa307\antlr4-runtime-4.13.1.jar because it was already located earlier
[13Nov2025 11:50:26.480] [main/DEBUG] [net.neoforged.fml.loading.moddiscovery.ModDiscoverer/]: Skipping C:\Users\yxshh\.gradle\caches\modules-2\files-2.1\org.jline\jline-reader\3.20.0\8f15415b022a25b473e8e16c28ae913186ffb9c4\jline-reader-3.20.0.jar because it was already located earlier
[13Nov2025 11:50:26.480] [main/DEBUG] [net.neoforged.fml.loading.moddiscovery.ModDiscoverer/]: Skipping C:\Users\yxshh\.gradle\caches\modules-2\files-2.1\org.jline\jline-terminal\3.20.0\d0ddcc708ddf527a3454c941b7b9225cc83a15ff\jline-terminal-3.20.0.jar because it was already located earlier
[13Nov2025 11:50:26.480] [main/DEBUG] [net.neoforged.fml.loading.moddiscovery.ModDiscoverer/]: Skipping C:\Users\yxshh\.gradle\caches\modules-2\files-2.1\net.minecraftforge\srgutils\0.4.15\ca408b131759478f164e010fae0d73997e125fb5\srgutils-0.4.15.jar because it was already located earlier
[13Nov2025 11:50:26.480] [main/DEBUG] [net.neoforged.fml.loading.moddiscovery.ModDiscoverer/]: Skipping C:\Users\yxshh\.gradle\caches\modules-2\files-2.1\com.google.guava\listenablefuture\9999.0-empty-to-avoid-conflict-with-guava\b421526c5f297295adef1c886e5246c39d4ac629\listenablefuture-9999.0-empty-to-avoid-conflict-with-guava.jar because it was already located earlier
[13Nov2025 11:50:26.480] [main/DEBUG] [net.neoforged.fml.loading.moddiscovery.ModDiscoverer/]: Skipping C:\Users\yxshh\.gradle\caches\modules-2\files-2.1\org.checkerframework\checker-qual\3.33.0\de2b60b62da487644fc11f734e73c8b0b431238f\checker-qual-3.33.0.jar because it was already located earlier
[13Nov2025 11:50:26.480] [main/DEBUG] [net.neoforged.fml.loading.moddiscovery.ModDiscoverer/]: Skipping C:\Users\yxshh\.gradle\caches\modules-2\files-2.1\com.google.errorprone\error_prone_annotations\2.18.0\89b684257096f548fa39a7df9fdaa409d4d4df91\error_prone_annotations-2.18.0.jar because it was already located earlier
[13Nov2025 11:50:26.480] [main/DEBUG] [net.neoforged.fml.loading.moddiscovery.ModDiscoverer/]: Skipping C:\Users\yxshh\.gradle\caches\modules-2\files-2.1\com.google.j2objc\j2objc-annotations\2.8\c85270e307e7b822f1086b93689124b89768e273\j2objc-annotations-2.8.jar because it was already located earlier
[13Nov2025 11:50:26.480] [main/DEBUG] [net.neoforged.fml.loading.moddiscovery.ModDiscoverer/]: Skipping C:\Users\yxshh\.gradle\caches\modules-2\files-2.1\org.codehaus.plexus\plexus-utils\3.3.0\cf43b5391de623b36fe066a21127baef82c64022\plexus-utils-3.3.0.jar because it was already located earlier
[13Nov2025 11:50:26.480] [main/DEBUG] [net.neoforged.fml.loading.moddiscovery.ModDiscoverer/]: Skipping C:\Users\yxshh\Documents\Mods\FleshZ\.gradle\repositories\ng_dummy_ng\net\minecraft\client\1.21.1\client-1.21.1-client-extra.jar because it was already located earlier
[13Nov2025 11:50:26.480] [main/DEBUG] [net.neoforged.fml.loading.moddiscovery.ModDiscoverer/SCAN]: Locator userdev mods and services found 2 mods, 0 warnings, 1 errors and skipped 85 candidates
[13Nov2025 11:50:26.485] [main/DEBUG] [net.neoforged.fml.loading.UniqueModListBuilder/]: Found 2 mods for first modid neoforge, selecting most recent based on version data
[13Nov2025 11:50:26.488] [main/DEBUG] [net.neoforged.fml.loading.UniqueModListBuilder/]: Selected file neoforge-21.1.210.jar for modid neoforge with version 21.1.210
[13Nov2025 11:50:26.496] [main/DEBUG] [net.neoforged.fml.loading.moddiscovery.ModDiscoverer/SCAN]: Successfully Loaded 3 mods. Attempting to load dependencies...
[13Nov2025 11:50:26.498] [main/DEBUG] [net.neoforged.fml.loading.moddiscovery.ModDiscoverer/SCAN]: Trying locator jarinjar
[13Nov2025 11:50:26.498] [main/TRACE] [net.neoforged.fml.loading.moddiscovery.locators.JarInJarDependencyLocator/]: Failed to load resource META-INF\jarjar\metadata.json from neoforge-21.1.210.jar, it does not contain dependency information.
[13Nov2025 11:50:26.498] [main/TRACE] [net.neoforged.fml.loading.moddiscovery.locators.JarInJarDependencyLocator/]: Failed to load resource META-INF\jarjar\metadata.json from mixinextras-neoforge-0.5.0.jar, it does not contain dependency information.
[13Nov2025 11:50:26.575] [main/DEBUG] [net.neoforged.fml.loading.moddiscovery.readers.JarModsDotTomlModFileReader/SCAN]: Found META-INF/MANIFEST.MF mod of type GAMELIBRARY: 
[13Nov2025 11:50:26.577] [main/DEBUG] [net.neoforged.fml.loading.moddiscovery.readers.JarModsDotTomlModFileReader/SCAN]: Found META-INF/MANIFEST.MF mod of type LIBRARY: 
[13Nov2025 11:50:26.579] [main/TRACE] [net.neoforged.fml.loading.moddiscovery.locators.JarInJarDependencyLocator/]: Failed to load resource META-INF\jarjar\metadata.json from mixinextras-neoforge-0.5.0.jar, it does not contain dependency information.
[13Nov2025 11:50:26.579] [main/TRACE] [net.neoforged.fml.loading.moddiscovery.locators.JarInJarDependencyLocator/]: Failed to load resource META-INF\jarjar\metadata.json from net.neoforged.neoforge-coremods-21.1.210.jar, it does not contain dependency information.
[13Nov2025 11:50:26.649] [main/DEBUG] [net.neoforged.fml.loading.moddiscovery.readers.JarModsDotTomlModFileReader/SCAN]: Found META-INF/MANIFEST.MF mod of type GAMELIBRARY: 
[13Nov2025 11:50:26.649] [main/DEBUG] [net.neoforged.fml.loading.moddiscovery.readers.JarModsDotTomlModFileReader/SCAN]: Found META-INF/MANIFEST.MF mod of type LIBRARY: 
[13Nov2025 11:50:26.667] [main/WARN] [net.neoforged.jarjar.selection.JarSelector/]: Attempted to select a dependency jar for JarJar which was passed in as source: library:mixinextras.neoforge. Using Mod File: C:\Users\yxshh\.gradle\caches\modules-2\files-2.1\io.github.llamalad7\mixinextras-neoforge\0.5.0\d734b83ce6542bb70ea31755c1595b88992dbe65\mixinextras-neoforge-0.5.0.jar
[13Nov2025 11:50:26.667] [main/INFO] [net.neoforged.fml.loading.moddiscovery.locators.JarInJarDependencyLocator/]: Found 1 dependencies adding them to mods collection
[13Nov2025 11:50:26.669] [main/INFO] [net.neoforged.fml.loading.moddiscovery.ModDiscoverer/SCAN]: Found library file "net.neoforged.neoforge-coremods-21.1.210.jar" [parent: neoforge-21.1.210.jar, locator: jarinjar, reader: mod manifest]
[13Nov2025 11:50:26.671] [main/INFO] [net.neoforged.fml.loading.moddiscovery.ModDiscoverer/]: 
     Mod List:
		Name Version (Mod Id)

		Minecraft 1.21.1 (minecraft)
		NeoForge 21.1.210 (neoforge)
[13Nov2025 11:50:26.677] [main/DEBUG] [net.neoforged.fml.loading.moddiscovery.ModFileInfo/LOADING]: Found valid mod file neoforge-21.1.210.jar with {minecraft} mods - versions {1.21.1}
[13Nov2025 11:50:26.684] [main/DEBUG] [net.neoforged.fml.loading.moddiscovery.ModFile/LOADING]: Loading mod file C:\Users\yxshh\Documents\Mods\FleshZ\.gradle\repositories\ng_dummy_ng\net\neoforged\neoforge\21.1.210\neoforge-21.1.210.jar with languages [LanguageSpec[languageName=minecraft, acceptedVersions=1]]
[13Nov2025 11:50:26.684] [main/DEBUG] [net.neoforged.fml.loading.moddiscovery.ModFileParser/LOADING]: Considering mod file candidate C:\Users\yxshh\Documents\Mods\FleshZ\.gradle\repositories\ng_dummy_ng\net\neoforged\neoforge\21.1.210\neoforge-21.1.210.jar
[13Nov2025 11:50:26.688] [main/DEBUG] [net.neoforged.fml.loading.moddiscovery.ModFileInfo/LOADING]: Found valid mod file neoforge-21.1.210.jar with {neoforge} mods - versions {21.1.210}
[13Nov2025 11:50:26.688] [main/DEBUG] [net.neoforged.fml.loading.moddiscovery.ModFile/LOADING]: Loading mod file C:\Users\yxshh\Documents\Mods\FleshZ\.gradle\repositories\ng_dummy_ng\net\neoforged\neoforge\21.1.210\neoforge-21.1.210.jar with languages [LanguageSpec[languageName=javafml, acceptedVersions=[3,]]]
[13Nov2025 11:50:26.688] [main/DEBUG] [net.neoforged.fml.loading.moddiscovery.ModFile/LOADING]: Found mixin config MixinConfig[config=neoforge.mixins.json, requiredMods=[]]
[13Nov2025 11:50:26.688] [main/DEBUG] [net.neoforged.fml.loading.moddiscovery.ModFile/LOADING]: Loading mod file C:\Users\yxshh\.gradle\caches\modules-2\files-2.1\io.github.llamalad7\mixinextras-neoforge\0.5.0\d734b83ce6542bb70ea31755c1595b88992dbe65\mixinextras-neoforge-0.5.0.jar with languages []
[13Nov2025 11:50:26.688] [main/DEBUG] [net.neoforged.fml.loading.moddiscovery.ModValidator/SCAN]: Found 3 mod files with 2 mods
[13Nov2025 11:50:26.688] [main/DEBUG] [cpw.mods.modlauncher.TransformationServiceDecorator/MODLAUNCHER]: End scan trigger - transformation service fml
[13Nov2025 11:50:26.712] [main/DEBUG] [net.neoforged.fml.util.ServiceLoaderUtil/CORE]: Found 3 implementations of IModLanguageLoader:
[13Nov2025 11:50:26.713] [main/DEBUG] [net.neoforged.fml.util.ServiceLoaderUtil/CORE]: 	net.neoforged.fml.javafmlmod.FMLJavaModLanguageProvider from loader-4.0.41.jar
[13Nov2025 11:50:26.713] [main/DEBUG] [net.neoforged.fml.util.ServiceLoaderUtil/CORE]: 	net.neoforged.fml.lowcodemod.LowCodeModLanguageProvider from loader-4.0.41.jar
[13Nov2025 11:50:26.713] [main/DEBUG] [net.neoforged.fml.util.ServiceLoaderUtil/CORE]: 	net.neoforged.fml.mclanguageprovider.MinecraftModLanguageProvider from loader-4.0.41.jar
[13Nov2025 11:50:26.715] [main/DEBUG] [net.neoforged.fml.loading.LanguageProviderLoader/CORE]: Found language provider javafml, version 4.0.41
[13Nov2025 11:50:26.715] [main/DEBUG] [net.neoforged.fml.loading.LanguageProviderLoader/CORE]: Found language provider lowcodefml, version 4.0.41
[13Nov2025 11:50:26.717] [main/DEBUG] [net.neoforged.fml.loading.LanguageProviderLoader/CORE]: Found language provider minecraft, version 4.0.41
[13Nov2025 11:50:26.717] [main/DEBUG] [net.neoforged.fml.loading.ModSorter/]: Configured system mods: [minecraft, neoforge]
[13Nov2025 11:50:26.717] [main/DEBUG] [net.neoforged.fml.loading.ModSorter/]: Found system mod: minecraft
[13Nov2025 11:50:26.717] [main/DEBUG] [net.neoforged.fml.loading.ModSorter/]: Found system mod: neoforge
[13Nov2025 11:50:26.727] [main/DEBUG] [net.neoforged.fml.loading.ModSorter/LOADING]: Found 0 mod requirements (0 mandatory, 0 optional)
[13Nov2025 11:50:26.727] [main/DEBUG] [net.neoforged.fml.loading.ModSorter/LOADING]: Found 0 mod requirements missing (0 mandatory, 0 optional)
[13Nov2025 11:50:26.748] [main/DEBUG] [net.neoforged.fml.loading.FMLLoader/SCAN]: Adding Access Transformer in C:\Users\yxshh\Documents\Mods\FleshZ\.gradle\repositories\ng_dummy_ng\net\neoforged\neoforge\21.1.210\neoforge-21.1.210.jar
[13Nov2025 11:50:26.758] [main/DEBUG] [AXFORM/AXFORM]: Loading access transformer accesstransformer.cfg
[13Nov2025 11:50:26.974] [main/DEBUG] [AXFORM/AXFORM]: Loaded access transformer accesstransformer.cfg
[13Nov2025 11:50:26.976] [main/DEBUG] [mixin/]: Adding mixin platform agents for container net.neoforged.fml.loading.mixin.FMLMixinContainerHandle@8ed9cf
[13Nov2025 11:50:26.978] [main/DEBUG] [mixin/]: Instancing new MixinPlatformAgentMinecraftForge for net.neoforged.fml.loading.mixin.FMLMixinContainerHandle@8ed9cf
[13Nov2025 11:50:26.978] [main/DEBUG] [mixin/]: MixinPlatformAgentMinecraftForge rejected container net.neoforged.fml.loading.mixin.FMLMixinContainerHandle@8ed9cf
[13Nov2025 11:50:26.978] [main/DEBUG] [mixin/]: Instancing new MixinPlatformAgentDefault for net.neoforged.fml.loading.mixin.FMLMixinContainerHandle@8ed9cf
[13Nov2025 11:50:26.978] [main/DEBUG] [mixin/]: MixinPlatformAgentDefault accepted container net.neoforged.fml.loading.mixin.FMLMixinContainerHandle@8ed9cf
[13Nov2025 11:50:26.978] [main/DEBUG] [mixin/]: Instancing new FMLMixinPlatformAgent for net.neoforged.fml.loading.mixin.FMLMixinContainerHandle@8ed9cf
[13Nov2025 11:50:26.978] [main/DEBUG] [mixin/]: FMLMixinPlatformAgent accepted container net.neoforged.fml.loading.mixin.FMLMixinContainerHandle@8ed9cf
[13Nov2025 11:50:26.990] [main/DEBUG] [cpw.mods.modlauncher.TransformationServicesHandler/MODLAUNCHER]: Transformation services loading transformers
[13Nov2025 11:50:26.993] [main/DEBUG] [cpw.mods.modlauncher.TransformationServiceDecorator/MODLAUNCHER]: Initializing transformers for transformation service mixin
[13Nov2025 11:50:26.995] [main/DEBUG] [cpw.mods.modlauncher.TransformationServiceDecorator/MODLAUNCHER]: Initialized transformers for transformation service mixin
[13Nov2025 11:50:26.995] [main/DEBUG] [cpw.mods.modlauncher.TransformationServiceDecorator/MODLAUNCHER]: Initializing transformers for transformation service fml
[13Nov2025 11:50:26.997] [main/DEBUG] [net.neoforged.fml.loading.FMLServiceProvider/LOADING]: Loading coremod transformers
[13Nov2025 11:50:26.997] [main/DEBUG] [net.neoforged.fml.loading.FMLServiceProvider/CORE]: Not loading coremod script-engine since no mod requested it
[13Nov2025 11:50:26.999] [main/DEBUG] [net.neoforged.fml.util.ServiceLoaderUtil/CORE]: Found 1 implementations of ICoreMod:
[13Nov2025 11:50:27.002] [main/DEBUG] [net.neoforged.fml.util.ServiceLoaderUtil/CORE]: 	net.neoforged.neoforge.coremods.NeoForgeCoreMod from neoforge-21.1.210.jar > net.neoforged.neoforge-coremods-21.1.210.jar
[13Nov2025 11:50:27.018] [main/DEBUG] [net.neoforged.fml.loading.FMLServiceProvider/CORE]: Adding [Target[className=net.minecraft.world.level.biome.Biome, elementName=, elementDescriptor=, targetType=cpw.mods.modlauncher.api.TargetType@767e20cf]] transformer from core-mod net.neoforged.neoforge.coremods.NeoForgeCoreMod@597f48df in neoforge-21.1.210.jar > net.neoforged.neoforge-coremods-21.1.210.jar
[13Nov2025 11:50:27.018] [main/DEBUG] [net.neoforged.fml.loading.FMLServiceProvider/CORE]: Adding [Target[className=net.minecraft.world.level.levelgen.structure.Structure, elementName=, elementDescriptor=, targetType=cpw.mods.modlauncher.api.TargetType@767e20cf]] transformer from core-mod net.neoforged.neoforge.coremods.NeoForgeCoreMod@597f48df in neoforge-21.1.210.jar > net.neoforged.neoforge-coremods-21.1.210.jar
[13Nov2025 11:50:27.020] [main/DEBUG] [net.neoforged.fml.loading.FMLServiceProvider/CORE]: Adding [Target[className=net.minecraft.world.level.block.FlowerPotBlock, elementName=, elementDescriptor=, targetType=cpw.mods.modlauncher.api.TargetType@767e20cf]] transformer from core-mod net.neoforged.neoforge.coremods.NeoForgeCoreMod@597f48df in neoforge-21.1.210.jar > net.neoforged.neoforge-coremods-21.1.210.jar
[13Nov2025 11:50:27.020] [main/DEBUG] [net.neoforged.fml.loading.FMLServiceProvider/CORE]: Adding [Target[className=net/minecraft/world/entity/EntityType, elementName=, elementDescriptor=, targetType=cpw.mods.modlauncher.api.TargetType@767e20cf], Target[className=net/minecraft/world/entity/npc/Villager, elementName=, elementDescriptor=, targetType=cpw.mods.modlauncher.api.TargetType@767e20cf], Target[className=net/minecraft/world/level/levelgen/structure/structures/OceanRuinPieces$OceanRuinPiece, elementName=, elementDescriptor=, targetType=cpw.mods.modlauncher.api.TargetType@767e20cf], Target[className=net/minecraft/world/entity/monster/Zombie, elementName=, elementDescriptor=, targetType=cpw.mods.modlauncher.api.TargetType@767e20cf], Target[className=net/minecraft/world/entity/raid/Raid, elementName=, elementDescriptor=, targetType=cpw.mods.modlauncher.api.TargetType@767e20cf], Target[className=net/minecraft/world/entity/monster/Strider, elementName=, elementDescriptor=, targetType=cpw.mods.modlauncher.api.TargetType@767e20cf], Target[className=net/minecraft/world/entity/monster/Spider, elementName=, elementDescriptor=, targetType=cpw.mods.modlauncher.api.TargetType@767e20cf], Target[className=net/minecraft/world/level/levelgen/structure/templatesystem/StructureTemplate, elementName=, elementDescriptor=, targetType=cpw.mods.modlauncher.api.TargetType@767e20cf], Target[className=net/minecraft/world/entity/monster/Evoker$EvokerSummonSpellGoal, elementName=, elementDescriptor=, targetType=cpw.mods.modlauncher.api.TargetType@767e20cf], Target[className=net/minecraft/world/level/levelgen/structure/structures/WoodlandMansionPieces$WoodlandMansionPiece, elementName=, elementDescriptor=, targetType=cpw.mods.modlauncher.api.TargetType@767e20cf], Target[className=net/minecraft/server/commands/RaidCommand, elementName=, elementDescriptor=, targetType=cpw.mods.modlauncher.api.TargetType@767e20cf], Target[className=net/minecraft/world/entity/animal/horse/SkeletonTrapGoal, elementName=, elementDescriptor=, targetType=cpw.mods.modlauncher.api.TargetType@767e20cf], Target[className=net/minecraft/world/entity/npc/CatSpawner, elementName=, elementDescriptor=, targetType=cpw.mods.modlauncher.api.TargetType@767e20cf], Target[className=net/minecraft/server/commands/SummonCommand, elementName=, elementDescriptor=, targetType=cpw.mods.modlauncher.api.TargetType@767e20cf], Target[className=net/minecraft/world/entity/ai/village/VillageSiege, elementName=, elementDescriptor=, targetType=cpw.mods.modlauncher.api.TargetType@767e20cf], Target[className=net/minecraft/world/level/NaturalSpawner, elementName=, elementDescriptor=, targetType=cpw.mods.modlauncher.api.TargetType@767e20cf], Target[className=net/minecraft/world/entity/monster/ZombieVillager, elementName=, elementDescriptor=, targetType=cpw.mods.modlauncher.api.TargetType@767e20cf], Target[className=net/minecraft/world/level/levelgen/PatrolSpawner, elementName=, elementDescriptor=, targetType=cpw.mods.modlauncher.api.TargetType@767e20cf], Target[className=net/minecraft/world/level/levelgen/structure/structures/OceanMonumentPieces$OceanMonumentPiece, elementName=, elementDescriptor=, targetType=cpw.mods.modlauncher.api.TargetType@767e20cf], Target[className=net/minecraft/world/level/levelgen/structure/structures/SwampHutPiece, elementName=, elementDescriptor=, targetType=cpw.mods.modlauncher.api.TargetType@767e20cf], Target[className=net/minecraft/world/level/levelgen/PhantomSpawner, elementName=, elementDescriptor=, targetType=cpw.mods.modlauncher.api.TargetType@767e20cf], Target[className=net/minecraft/world/entity/animal/frog/Tadpole, elementName=, elementDescriptor=, targetType=cpw.mods.modlauncher.api.TargetType@767e20cf]] transformer from core-mod net.neoforged.neoforge.coremods.NeoForgeCoreMod@597f48df in neoforge-21.1.210.jar > net.neoforged.neoforge-coremods-21.1.210.jar
[13Nov2025 11:50:27.023] [main/DEBUG] [cpw.mods.modlauncher.TransformStore/MODLAUNCHER]: Adding transformer net.neoforged.neoforge.coremods.ReplaceFieldWithGetterAccess@5177e388 to Target : cpw.mods.modlauncher.api.TargetType@767e20cf {Lnet/minecraft/world/level/biome/Biome;} {} {V}
[13Nov2025 11:50:27.025] [main/DEBUG] [cpw.mods.modlauncher.TransformStore/MODLAUNCHER]: Adding transformer net.neoforged.neoforge.coremods.ReplaceFieldWithGetterAccess@2c708440 to Target : cpw.mods.modlauncher.api.TargetType@767e20cf {Lnet/minecraft/world/level/levelgen/structure/Structure;} {} {V}
[13Nov2025 11:50:27.025] [main/DEBUG] [cpw.mods.modlauncher.TransformStore/MODLAUNCHER]: Adding transformer net.neoforged.neoforge.coremods.ReplaceFieldWithGetterAccess@3047254d to Target : cpw.mods.modlauncher.api.TargetType@767e20cf {Lnet/minecraft/world/level/block/FlowerPotBlock;} {} {V}
[13Nov2025 11:50:27.027] [main/DEBUG] [cpw.mods.modlauncher.TransformStore/MODLAUNCHER]: Adding transformer net.neoforged.neoforge.coremods.MethodRedirector@6cf31447 to Target : cpw.mods.modlauncher.api.TargetType@767e20cf {Lnet/minecraft/world/entity/EntityType;} {} {V}
[13Nov2025 11:50:27.027] [main/DEBUG] [cpw.mods.modlauncher.TransformStore/MODLAUNCHER]: Adding transformer net.neoforged.neoforge.coremods.MethodRedirector@6cf31447 to Target : cpw.mods.modlauncher.api.TargetType@767e20cf {Lnet/minecraft/world/entity/npc/Villager;} {} {V}
[13Nov2025 11:50:27.027] [main/DEBUG] [cpw.mods.modlauncher.TransformStore/MODLAUNCHER]: Adding transformer net.neoforged.neoforge.coremods.MethodRedirector@6cf31447 to Target : cpw.mods.modlauncher.api.TargetType@767e20cf {Lnet/minecraft/world/level/levelgen/structure/structures/OceanRuinPieces$OceanRuinPiece;} {} {V}
[13Nov2025 11:50:27.027] [main/DEBUG] [cpw.mods.modlauncher.TransformStore/MODLAUNCHER]: Adding transformer net.neoforged.neoforge.coremods.MethodRedirector@6cf31447 to Target : cpw.mods.modlauncher.api.TargetType@767e20cf {Lnet/minecraft/world/entity/monster/Zombie;} {} {V}
[13Nov2025 11:50:27.027] [main/DEBUG] [cpw.mods.modlauncher.TransformStore/MODLAUNCHER]: Adding transformer net.neoforged.neoforge.coremods.MethodRedirector@6cf31447 to Target : cpw.mods.modlauncher.api.TargetType@767e20cf {Lnet/minecraft/world/entity/raid/Raid;} {} {V}
[13Nov2025 11:50:27.027] [main/DEBUG] [cpw.mods.modlauncher.TransformStore/MODLAUNCHER]: Adding transformer net.neoforged.neoforge.coremods.MethodRedirector@6cf31447 to Target : cpw.mods.modlauncher.api.TargetType@767e20cf {Lnet/minecraft/world/entity/monster/Strider;} {} {V}
[13Nov2025 11:50:27.027] [main/DEBUG] [cpw.mods.modlauncher.TransformStore/MODLAUNCHER]: Adding transformer net.neoforged.neoforge.coremods.MethodRedirector@6cf31447 to Target : cpw.mods.modlauncher.api.TargetType@767e20cf {Lnet/minecraft/world/entity/monster/Spider;} {} {V}
[13Nov2025 11:50:27.029] [main/DEBUG] [cpw.mods.modlauncher.TransformStore/MODLAUNCHER]: Adding transformer net.neoforged.neoforge.coremods.MethodRedirector@6cf31447 to Target : cpw.mods.modlauncher.api.TargetType@767e20cf {Lnet/minecraft/world/level/levelgen/structure/templatesystem/StructureTemplate;} {} {V}
[13Nov2025 11:50:27.029] [main/DEBUG] [cpw.mods.modlauncher.TransformStore/MODLAUNCHER]: Adding transformer net.neoforged.neoforge.coremods.MethodRedirector@6cf31447 to Target : cpw.mods.modlauncher.api.TargetType@767e20cf {Lnet/minecraft/world/entity/monster/Evoker$EvokerSummonSpellGoal;} {} {V}
[13Nov2025 11:50:27.029] [main/DEBUG] [cpw.mods.modlauncher.TransformStore/MODLAUNCHER]: Adding transformer net.neoforged.neoforge.coremods.MethodRedirector@6cf31447 to Target : cpw.mods.modlauncher.api.TargetType@767e20cf {Lnet/minecraft/world/level/levelgen/structure/structures/WoodlandMansionPieces$WoodlandMansionPiece;} {} {V}
[13Nov2025 11:50:27.029] [main/DEBUG] [cpw.mods.modlauncher.TransformStore/MODLAUNCHER]: Adding transformer net.neoforged.neoforge.coremods.MethodRedirector@6cf31447 to Target : cpw.mods.modlauncher.api.TargetType@767e20cf {Lnet/minecraft/server/commands/RaidCommand;} {} {V}
[13Nov2025 11:50:27.029] [main/DEBUG] [cpw.mods.modlauncher.TransformStore/MODLAUNCHER]: Adding transformer net.neoforged.neoforge.coremods.MethodRedirector@6cf31447 to Target : cpw.mods.modlauncher.api.TargetType@767e20cf {Lnet/minecraft/world/entity/animal/horse/SkeletonTrapGoal;} {} {V}
[13Nov2025 11:50:27.029] [main/DEBUG] [cpw.mods.modlauncher.TransformStore/MODLAUNCHER]: Adding transformer net.neoforged.neoforge.coremods.MethodRedirector@6cf31447 to Target : cpw.mods.modlauncher.api.TargetType@767e20cf {Lnet/minecraft/world/entity/npc/CatSpawner;} {} {V}
[13Nov2025 11:50:27.029] [main/DEBUG] [cpw.mods.modlauncher.TransformStore/MODLAUNCHER]: Adding transformer net.neoforged.neoforge.coremods.MethodRedirector@6cf31447 to Target : cpw.mods.modlauncher.api.TargetType@767e20cf {Lnet/minecraft/server/commands/SummonCommand;} {} {V}
[13Nov2025 11:50:27.029] [main/DEBUG] [cpw.mods.modlauncher.TransformStore/MODLAUNCHER]: Adding transformer net.neoforged.neoforge.coremods.MethodRedirector@6cf31447 to Target : cpw.mods.modlauncher.api.TargetType@767e20cf {Lnet/minecraft/world/entity/ai/village/VillageSiege;} {} {V}
[13Nov2025 11:50:27.029] [main/DEBUG] [cpw.mods.modlauncher.TransformStore/MODLAUNCHER]: Adding transformer net.neoforged.neoforge.coremods.MethodRedirector@6cf31447 to Target : cpw.mods.modlauncher.api.TargetType@767e20cf {Lnet/minecraft/world/level/NaturalSpawner;} {} {V}
[13Nov2025 11:50:27.029] [main/DEBUG] [cpw.mods.modlauncher.TransformStore/MODLAUNCHER]: Adding transformer net.neoforged.neoforge.coremods.MethodRedirector@6cf31447 to Target : cpw.mods.modlauncher.api.TargetType@767e20cf {Lnet/minecraft/world/entity/monster/ZombieVillager;} {} {V}
[13Nov2025 11:50:27.029] [main/DEBUG] [cpw.mods.modlauncher.TransformStore/MODLAUNCHER]: Adding transformer net.neoforged.neoforge.coremods.MethodRedirector@6cf31447 to Target : cpw.mods.modlauncher.api.TargetType@767e20cf {Lnet/minecraft/world/level/levelgen/PatrolSpawner;} {} {V}
[13Nov2025 11:50:27.031] [main/DEBUG] [cpw.mods.modlauncher.TransformStore/MODLAUNCHER]: Adding transformer net.neoforged.neoforge.coremods.MethodRedirector@6cf31447 to Target : cpw.mods.modlauncher.api.TargetType@767e20cf {Lnet/minecraft/world/level/levelgen/structure/structures/OceanMonumentPieces$OceanMonumentPiece;} {} {V}
[13Nov2025 11:50:27.031] [main/DEBUG] [cpw.mods.modlauncher.TransformStore/MODLAUNCHER]: Adding transformer net.neoforged.neoforge.coremods.MethodRedirector@6cf31447 to Target : cpw.mods.modlauncher.api.TargetType@767e20cf {Lnet/minecraft/world/level/levelgen/structure/structures/SwampHutPiece;} {} {V}
[13Nov2025 11:50:27.031] [main/DEBUG] [cpw.mods.modlauncher.TransformStore/MODLAUNCHER]: Adding transformer net.neoforged.neoforge.coremods.MethodRedirector@6cf31447 to Target : cpw.mods.modlauncher.api.TargetType@767e20cf {Lnet/minecraft/world/level/levelgen/PhantomSpawner;} {} {V}
[13Nov2025 11:50:27.031] [main/DEBUG] [cpw.mods.modlauncher.TransformStore/MODLAUNCHER]: Adding transformer net.neoforged.neoforge.coremods.MethodRedirector@6cf31447 to Target : cpw.mods.modlauncher.api.TargetType@767e20cf {Lnet/minecraft/world/entity/animal/frog/Tadpole;} {} {V}
[13Nov2025 11:50:27.031] [main/DEBUG] [cpw.mods.modlauncher.TransformationServiceDecorator/MODLAUNCHER]: Initialized transformers for transformation service fml
[13Nov2025 11:50:27.287] [main/DEBUG] [mixin/]: Processing prepare() for PlatformAgent[MixinPlatformAgentDefault:ModLauncher Root Container(ModLauncher:4f56a0a2)]
[13Nov2025 11:50:27.289] [main/DEBUG] [mixin/]: Processing prepare() for PlatformAgent[MixinPlatformAgentDefault:net.neoforged.fml.loading.mixin.FMLMixinContainerHandle@8ed9cf]
[13Nov2025 11:50:27.289] [main/DEBUG] [mixin/]: Processing prepare() for PlatformAgent[FMLMixinPlatformAgent:null]
[13Nov2025 11:50:27.387] [main/DEBUG] [mixin/]: Processing launch tasks for PlatformAgent[MixinPlatformAgentDefault:ModLauncher Root Container(ModLauncher:4f56a0a2)]
[13Nov2025 11:50:27.387] [main/DEBUG] [mixin/]: Adding mixin platform agents for container SecureJarResource(mixin_synthetic)
[13Nov2025 11:50:27.389] [main/DEBUG] [mixin/]: Instancing new MixinPlatformAgentMinecraftForge for SecureJarResource(mixin_synthetic)
[13Nov2025 11:50:27.389] [main/DEBUG] [mixin/]: MixinPlatformAgentMinecraftForge rejected container SecureJarResource(mixin_synthetic)
[13Nov2025 11:50:27.389] [main/DEBUG] [mixin/]: Instancing new MixinPlatformAgentDefault for SecureJarResource(mixin_synthetic)
[13Nov2025 11:50:27.389] [main/DEBUG] [mixin/]: MixinPlatformAgentDefault accepted container SecureJarResource(mixin_synthetic)
[13Nov2025 11:50:27.389] [main/DEBUG] [mixin/]: Instancing new FMLMixinPlatformAgent for SecureJarResource(mixin_synthetic)
[13Nov2025 11:50:27.389] [main/DEBUG] [mixin/]: FMLMixinPlatformAgent rejected container SecureJarResource(mixin_synthetic)
[13Nov2025 11:50:27.389] [main/DEBUG] [mixin/]: Processing prepare() for PlatformAgent[MixinPlatformAgentDefault:SecureJarResource(mixin_synthetic)]
[13Nov2025 11:50:27.389] [main/DEBUG] [mixin/]: Adding mixin platform agents for container SecureJarResource(minecraft)
[13Nov2025 11:50:27.389] [main/DEBUG] [mixin/]: Instancing new MixinPlatformAgentMinecraftForge for SecureJarResource(minecraft)
[13Nov2025 11:50:27.389] [main/DEBUG] [mixin/]: MixinPlatformAgentMinecraftForge rejected container SecureJarResource(minecraft)
[13Nov2025 11:50:27.389] [main/DEBUG] [mixin/]: Instancing new MixinPlatformAgentDefault for SecureJarResource(minecraft)
[13Nov2025 11:50:27.389] [main/DEBUG] [mixin/]: MixinPlatformAgentDefault accepted container SecureJarResource(minecraft)
[13Nov2025 11:50:27.391] [main/DEBUG] [mixin/]: Instancing new FMLMixinPlatformAgent for SecureJarResource(minecraft)
[13Nov2025 11:50:27.391] [main/DEBUG] [mixin/]: FMLMixinPlatformAgent rejected container SecureJarResource(minecraft)
[13Nov2025 11:50:27.391] [main/DEBUG] [mixin/]: Processing prepare() for PlatformAgent[MixinPlatformAgentDefault:SecureJarResource(minecraft)]
[13Nov2025 11:50:27.391] [main/DEBUG] [mixin/]: Adding mixin platform agents for container SecureJarResource(mixinextras.neoforge)
[13Nov2025 11:50:27.391] [main/DEBUG] [mixin/]: Instancing new MixinPlatformAgentMinecraftForge for SecureJarResource(mixinextras.neoforge)
[13Nov2025 11:50:27.391] [main/DEBUG] [mixin/]: MixinPlatformAgentMinecraftForge rejected container SecureJarResource(mixinextras.neoforge)
[13Nov2025 11:50:27.391] [main/DEBUG] [mixin/]: Instancing new MixinPlatformAgentDefault for SecureJarResource(mixinextras.neoforge)
[13Nov2025 11:50:27.391] [main/DEBUG] [mixin/]: MixinPlatformAgentDefault accepted container SecureJarResource(mixinextras.neoforge)
[13Nov2025 11:50:27.391] [main/DEBUG] [mixin/]: Instancing new FMLMixinPlatformAgent for SecureJarResource(mixinextras.neoforge)
[13Nov2025 11:50:27.391] [main/DEBUG] [mixin/]: FMLMixinPlatformAgent rejected container SecureJarResource(mixinextras.neoforge)
[13Nov2025 11:50:27.391] [main/DEBUG] [mixin/]: Processing prepare() for PlatformAgent[MixinPlatformAgentDefault:SecureJarResource(mixinextras.neoforge)]
[13Nov2025 11:50:27.391] [main/DEBUG] [mixin/]: Registering mixin config: mixinextras.init.mixins.json source=SecureJarResource(mixinextras.neoforge)
[13Nov2025 11:50:27.395] [main/DEBUG] [mixin/]: inject() running with 5 agents
[13Nov2025 11:50:27.395] [main/DEBUG] [mixin/]: Processing inject() for PlatformAgent[MixinPlatformAgentDefault:ModLauncher Root Container(ModLauncher:4f56a0a2)]
[13Nov2025 11:50:27.395] [main/DEBUG] [mixin/]: Processing inject() for PlatformAgent[MixinPlatformAgentDefault:net.neoforged.fml.loading.mixin.FMLMixinContainerHandle@8ed9cf]
[13Nov2025 11:50:27.395] [main/DEBUG] [mixin/]: Processing inject() for PlatformAgent[FMLMixinPlatformAgent:null]
[13Nov2025 11:50:27.395] [main/DEBUG] [mixin/]: Processing inject() for PlatformAgent[MixinPlatformAgentDefault:SecureJarResource(mixin_synthetic)]
[13Nov2025 11:50:27.395] [main/DEBUG] [mixin/]: Processing inject() for PlatformAgent[MixinPlatformAgentDefault:SecureJarResource(minecraft)]
[13Nov2025 11:50:27.395] [main/DEBUG] [mixin/]: Processing inject() for PlatformAgent[MixinPlatformAgentDefault:SecureJarResource(mixinextras.neoforge)]
[13Nov2025 11:50:27.395] [main/INFO] [cpw.mods.modlauncher.LaunchServiceHandler/MODLAUNCHER]: Launching target 'forgeclientdev' with arguments [--version, 21.1.210, --gameDir, ., --assetsDir, C:\Users\yxshh\.gradle\caches\minecraft\assets, --assetIndex, asset-index]
[13Nov2025 11:50:27.512] [main/DEBUG] [mixin/]: Preparing mixins for MixinEnvironment[DEFAULT]
[13Nov2025 11:50:27.512] [main/DEBUG] [mixin/]: Selecting config neoforge.mixins.json
[13Nov2025 11:50:27.520] [main/DEBUG] [mixin/]: Selecting config mixinextras.init.mixins.json
[13Nov2025 11:50:27.594] [main/DEBUG] [MixinExtras|Service/]: com.llamalad7.mixinextras.service.MixinExtrasServiceImpl(version=0.5.0) is taking over from null
[13Nov2025 11:50:27.639] [main/DEBUG] [mixin/]: Registering new injector for @Inject with org.spongepowered.asm.mixin.injection.struct.CallbackInjectionInfo
[13Nov2025 11:50:27.641] [main/DEBUG] [mixin/]: Registering new injector for @ModifyArg with org.spongepowered.asm.mixin.injection.struct.ModifyArgInjectionInfo
[13Nov2025 11:50:27.641] [main/DEBUG] [mixin/]: Registering new injector for @ModifyArgs with org.spongepowered.asm.mixin.injection.struct.ModifyArgsInjectionInfo
[13Nov2025 11:50:27.643] [main/DEBUG] [mixin/]: Registering new injector for @Redirect with org.spongepowered.asm.mixin.injection.struct.RedirectInjectionInfo
[13Nov2025 11:50:27.645] [main/DEBUG] [mixin/]: Registering new injector for @ModifyVariable with org.spongepowered.asm.mixin.injection.struct.ModifyVariableInjectionInfo
[13Nov2025 11:50:27.649] [main/DEBUG] [mixin/]: Registering new injector for @ModifyConstant with org.spongepowered.asm.mixin.injection.struct.ModifyConstantInjectionInfo
[13Nov2025 11:50:27.663] [main/DEBUG] [mixin/]: Preparing neoforge.mixins.json (2)
[13Nov2025 11:50:27.703] [main/DEBUG] [net.neoforged.accesstransformer.AccessTransformer/AXFORM]: Transforming net.minecraft.world.level.block.entity.BlockEntityType INNERCLASS BlockEntitySupplier to access PUBLIC and LEAVE
[13Nov2025 11:50:27.740] [main/TRACE] [mixin/]: Added class metadata for net/minecraft/world/level/block/entity/BlockEntityType to metadata cache
[13Nov2025 11:50:27.748] [main/TRACE] [mixin/]: Added class metadata for net/minecraft/core/MappedRegistry to metadata cache
[13Nov2025 11:50:27.748] [main/DEBUG] [mixin/]: Preparing mixinextras.init.mixins.json (0)
[13Nov2025 11:50:27.752] [main/DEBUG] [net.neoforged.fml.common.asm.RuntimeDistCleaner/DISTXFORM]: Removing Class Annotation: net/minecraft/client/gui/screens/LoadingOverlay @Lnet/neoforged/api/distmarker/OnlyIn;
[13Nov2025 11:50:27.760] [main/DEBUG] [net.neoforged.fml.common.asm.RuntimeDistCleaner/DISTXFORM]: Removing Class Annotation: net/minecraft/client/gui/screens/Overlay @Lnet/neoforged/api/distmarker/OnlyIn;
[13Nov2025 11:50:27.762] [main/DEBUG] [net.neoforged.fml.common.asm.RuntimeDistCleaner/DISTXFORM]: Removing Class Annotation: net/minecraft/client/gui/components/Renderable @Lnet/neoforged/api/distmarker/OnlyIn;
[13Nov2025 11:50:27.762] [main/DEBUG] [net.neoforged.fml.common.asm.RuntimeDistCleaner/DISTXFORM]: Removing Class Annotation: net/minecraft/client/renderer/texture/AbstractTexture @Lnet/neoforged/api/distmarker/OnlyIn;
[13Nov2025 11:50:27.764] [main/DEBUG] [net.neoforged.fml.common.asm.RuntimeDistCleaner/DISTXFORM]: Removing Class Annotation: net/minecraft/client/gui/screens/LoadingOverlay$LogoTexture @Lnet/neoforged/api/distmarker/OnlyIn;
[13Nov2025 11:50:27.767] [main/DEBUG] [net.neoforged.fml.common.asm.RuntimeDistCleaner/DISTXFORM]: Removing Class Annotation: net/minecraft/client/renderer/texture/SimpleTexture @Lnet/neoforged/api/distmarker/OnlyIn;
[13Nov2025 11:50:27.768] [main/DEBUG] [net.neoforged.fml.common.asm.RuntimeDistCleaner/DISTXFORM]: Removing Class Annotation: com/mojang/blaze3d/vertex/VertexConsumer @Lnet/neoforged/api/distmarker/OnlyIn;
[13Nov2025 11:50:27.774] [main/DEBUG] [net.neoforged.fml.common.asm.RuntimeDistCleaner/DISTXFORM]: Removing Class Annotation: net/minecraft/client/gui/GuiGraphics @Lnet/neoforged/api/distmarker/OnlyIn;
[13Nov2025 11:50:27.792] [main/DEBUG] [net.neoforged.fml.common.asm.RuntimeDistCleaner/DISTXFORM]: Removing Class Annotation: net/minecraft/client/Minecraft @Lnet/neoforged/api/distmarker/OnlyIn;
[13Nov2025 11:50:27.811] [main/DEBUG] [net.neoforged.fml.common.asm.RuntimeDistCleaner/DISTXFORM]: Removing Class Annotation: com/mojang/blaze3d/platform/WindowEventHandler @Lnet/neoforged/api/distmarker/OnlyIn;
[13Nov2025 11:50:27.817] [main/DEBUG] [net.neoforged.accesstransformer.AccessTransformer/AXFORM]: Transforming net.minecraft.util.thread.BlockableEventLoop METHOD submitAsync(Ljava/lang/Runnable;)Ljava/util/concurrent/CompletableFuture; to access PUBLIC and LEAVE
[13Nov2025 11:50:28.178] [main/DEBUG] [io.netty.util.internal.logging.InternalLoggerFactory/]: Using SLF4J as the default logging framework
[13Nov2025 11:50:28.187] [main/DEBUG] [io.netty.util.ResourceLeakDetector/]: -Dio.netty.leakDetection.level: simple
[13Nov2025 11:50:28.191] [main/DEBUG] [io.netty.util.ResourceLeakDetector/]: -Dio.netty.leakDetection.targetRecords: 4
[13Nov2025 11:50:29.561] [main/DEBUG] [oshi.util.FileUtil/]: No oshi.properties file found from ClassLoader cpw.mods.modlauncher.TransformingClassLoader@4e61e4c2
[13Nov2025 11:50:30.082] [Datafixer Bootstrap/INFO] [com.mojang.datafixers.DataFixerBuilder/]: 229 Datafixer optimizations took 605 milliseconds
[13Nov2025 11:50:30.491] [main/DEBUG] [oshi.util.FileUtil/]: No oshi.architecture.properties file found from ClassLoader cpw.mods.modlauncher.TransformingClassLoader@4e61e4c2
[13Nov2025 11:50:30.778] [pool-6-thread-1/INFO] [MixinExtras|Service/]: Initializing MixinExtras via com.llamalad7.mixinextras.service.MixinExtrasServiceImpl(version=0.5.0).
[13Nov2025 11:50:30.780] [pool-6-thread-1/DEBUG] [mixin/]: Registering new injector for @SugarWrapper with com.llamalad7.mixinextras.sugar.impl.SugarWrapperInjectionInfo
[13Nov2025 11:50:30.780] [pool-6-thread-1/DEBUG] [mixin/]: Registering new injector for @FactoryRedirectWrapper with com.llamalad7.mixinextras.wrapper.factory.FactoryRedirectWrapperInjectionInfo
[13Nov2025 11:50:30.782] [pool-6-thread-1/DEBUG] [mixin/]: Registering new injector for @ExpressionInjectorWrapper with com.llamalad7.mixinextras.expression.impl.wrapper.ExpressionInjectorWrapperInjectionInfo
[13Nov2025 11:50:30.796] [pool-6-thread-1/DEBUG] [mixin/]: Mixing MappedRegistryAccessor from neoforge.mixins.json into net.minecraft.core.MappedRegistry
[13Nov2025 11:50:30.801] [pool-6-thread-1/DEBUG] [mixin/]: neoforge.mixins.json:MappedRegistryAccessor from mod neoforge: Class version 65 required is higher than the class version supported by the current version of Mixin (JAVA_16 supports class version 60)
[13Nov2025 11:50:32.328] [pool-6-thread-1/DEBUG] [mixin/]: Mixing BlockEntityTypeAccessor from neoforge.mixins.json into net.minecraft.world.level.block.entity.BlockEntityType
[13Nov2025 11:50:32.328] [pool-6-thread-1/DEBUG] [mixin/]: neoforge.mixins.json:BlockEntityTypeAccessor from mod neoforge: Class version 65 required is higher than the class version supported by the current version of Mixin (JAVA_16 supports class version 60)
[13Nov2025 11:50:34.211] [pool-6-thread-1/DEBUG] [io.netty.util.internal.PlatformDependent0/]: -Dio.netty.noUnsafe: false
[13Nov2025 11:50:34.211] [pool-6-thread-1/DEBUG] [io.netty.util.internal.PlatformDependent0/]: Java version: 21
[13Nov2025 11:50:34.211] [pool-6-thread-1/DEBUG] [io.netty.util.internal.PlatformDependent0/]: sun.misc.Unsafe.theUnsafe: available
[13Nov2025 11:50:34.211] [pool-6-thread-1/DEBUG] [io.netty.util.internal.PlatformDependent0/]: sun.misc.Unsafe.copyMemory: available
[13Nov2025 11:50:34.211] [pool-6-thread-1/DEBUG] [io.netty.util.internal.PlatformDependent0/]: sun.misc.Unsafe.storeFence: available
[13Nov2025 11:50:34.211] [pool-6-thread-1/DEBUG] [io.netty.util.internal.PlatformDependent0/]: java.nio.Buffer.address: available
[13Nov2025 11:50:34.220] [pool-6-thread-1/DEBUG] [io.netty.util.internal.PlatformDependent0/]: java.nio.Bits.unaligned: available, true
[13Nov2025 11:50:34.225] [pool-6-thread-1/DEBUG] [io.netty.util.internal.PlatformDependent0/]: java.nio.DirectByteBuffer.<init>(long, {int,long}): unavailable
[13Nov2025 11:50:34.225] [pool-6-thread-1/DEBUG] [io.netty.util.internal.PlatformDependent/]: sun.misc.Unsafe: available
[13Nov2025 11:50:34.225] [pool-6-thread-1/DEBUG] [io.netty.util.internal.PlatformDependent/]: maxDirectMemory: 4244635648 bytes (maybe)
[13Nov2025 11:50:34.225] [pool-6-thread-1/DEBUG] [io.netty.util.internal.PlatformDependent/]: -Dio.netty.tmpdir: C:\Users\yxshh\AppData\Local\Temp (java.io.tmpdir)
[13Nov2025 11:50:34.225] [pool-6-thread-1/DEBUG] [io.netty.util.internal.PlatformDependent/]: -Dio.netty.bitMode: 64 (sun.arch.data.model)
[13Nov2025 11:50:34.228] [pool-6-thread-1/DEBUG] [io.netty.util.internal.PlatformDependent/]: Platform: Windows
[13Nov2025 11:50:34.228] [pool-6-thread-1/DEBUG] [io.netty.util.internal.PlatformDependent/]: -Dio.netty.maxDirectMemory: -1 bytes
[13Nov2025 11:50:34.228] [pool-6-thread-1/DEBUG] [io.netty.util.internal.PlatformDependent/]: -Dio.netty.uninitializedArrayAllocationThreshold: -1
[13Nov2025 11:50:34.228] [pool-6-thread-1/DEBUG] [io.netty.util.internal.CleanerJava9/]: java.nio.ByteBuffer.cleaner(): available
[13Nov2025 11:50:34.228] [pool-6-thread-1/DEBUG] [io.netty.util.internal.PlatformDependent/]: -Dio.netty.noPreferDirect: false
[13Nov2025 11:50:37.204] [pool-6-thread-1/DEBUG] [net.neoforged.neoforge.registries.GameData/REGISTRIES]: Creating vanilla freeze snapshot
[13Nov2025 11:50:37.245] [pool-6-thread-1/DEBUG] [net.neoforged.neoforge.registries.GameData/REGISTRIES]: Vanilla freeze snapshot created
[13Nov2025 11:50:38.334] [main/WARN] [net.minecraft.commands.Commands/]: Ambiguity between arguments [teleport, location] and [teleport, destination] with inputs: [0.1 -0.5 .9, 0 0 0]
[13Nov2025 11:50:38.336] [main/WARN] [net.minecraft.commands.Commands/]: Ambiguity between arguments [teleport, location] and [teleport, targets] with inputs: [0.1 -0.5 .9, 0 0 0]
[13Nov2025 11:50:38.345] [main/WARN] [net.minecraft.commands.Commands/]: Ambiguity between arguments [teleport, destination] and [teleport, targets] with inputs: [Player, 0123, @e, dd12be42-52a9-4a91-a8a1-11c01849e498]
[13Nov2025 11:50:38.347] [main/WARN] [net.minecraft.commands.Commands/]: Ambiguity between arguments [teleport, targets] and [teleport, destination] with inputs: [Player, 0123, dd12be42-52a9-4a91-a8a1-11c01849e498]
[13Nov2025 11:50:38.349] [main/WARN] [net.minecraft.commands.Commands/]: Ambiguity between arguments [teleport, targets, location] and [teleport, targets, destination] with inputs: [0.1 -0.5 .9, 0 0 0]
[13Nov2025 11:50:38.543] [Render thread/WARN] [net.minecraft.server.packs.VanillaPackResourcesBuilder/]: Assets URL 'union:/C:/Users/yxshh/Documents/Mods/FleshZ/.gradle/repositories/ng_dummy_ng/net/neoforged/neoforge/21.1.210/neoforge-21.1.210.jar%23195!/assets/.mcassetsroot' uses unexpected schema
[13Nov2025 11:50:38.543] [Render thread/WARN] [net.minecraft.server.packs.VanillaPackResourcesBuilder/]: Assets URL 'union:/C:/Users/yxshh/Documents/Mods/FleshZ/.gradle/repositories/ng_dummy_ng/net/neoforged/neoforge/21.1.210/neoforge-21.1.210.jar%23195!/data/.mcassetsroot' uses unexpected schema
[13Nov2025 11:50:38.585] [Render thread/INFO] [com.mojang.authlib.yggdrasil.YggdrasilAuthenticationService/]: Environment: Environment[sessionHost=https://sessionserver.mojang.com, servicesHost=https://api.minecraftservices.com, name=PROD]
[13Nov2025 11:50:38.604] [Render thread/INFO] [net.minecraft.client.Minecraft/]: Setting user: Dev
[13Nov2025 11:50:38.756] [Render thread/INFO] [net.minecraft.client.Minecraft/]: Backend library: LWJGL version 3.3.3+5
[13Nov2025 11:50:39.021] [Render thread/DEBUG] [net.neoforged.fml.ModWorkManager/LOADING]: Using 8 threads for parallel mod-loading
[13Nov2025 11:50:39.036] [Render thread/FATAL] [net.neoforged.fml.ModLoader/CORE]: Error during pre-loading phase: File C:\Users\yxshh\Documents\Mods\FleshZ\build\resources\main is for Minecraft Forge or an older version of NeoForge, and cannot be loaded
[13Nov2025 11:50:39.188] [Render thread/ERROR] [net.neoforged.fml.ModLoader/]: Cowardly refusing to send event net.neoforged.neoforge.client.event.sound.SoundEngineLoadEvent to a broken mod state
[13Nov2025 11:50:39.442] [Render thread/ERROR] [net.neoforged.fml.ModLoader/]: Cowardly refusing to send event net.neoforged.neoforge.client.event.RegisterColorHandlersEvent$Block to a broken mod state
[13Nov2025 11:50:39.449] [Render thread/ERROR] [net.neoforged.fml.ModLoader/]: Cowardly refusing to send event net.neoforged.neoforge.client.event.RegisterColorHandlersEvent$Item to a broken mod state
[13Nov2025 11:50:39.475] [Render thread/ERROR] [net.neoforged.fml.ModLoader/]: Cowardly refusing to send event net.neoforged.neoforge.client.event.RegisterMaterialAtlasesEvent to a broken mod state
[13Nov2025 11:50:39.540] [Render thread/ERROR] [net.neoforged.fml.ModLoader/]: Cowardly refusing to send event net.neoforged.neoforge.client.event.RegisterRenderBuffersEvent to a broken mod state
[13Nov2025 11:50:39.643] [Render thread/ERROR] [net.neoforged.fml.ModLoader/]: Cowardly refusing to send event net.neoforged.neoforge.client.event.RegisterParticleProvidersEvent to a broken mod state
[13Nov2025 11:50:39.704] [Render thread/ERROR] [net.neoforged.fml.ModLoader/]: Cowardly refusing to send event net.neoforged.neoforge.client.event.RenderLevelStageEvent$RegisterStageEvent to a broken mod state
[13Nov2025 11:50:39.800] [Render thread/ERROR] [net.neoforged.fml.ModLoader/]: Cowardly refusing to send event net.neoforged.neoforge.client.extensions.common.RegisterClientExtensionsEvent to a broken mod state
[13Nov2025 11:50:39.800] [Render thread/ERROR] [net.neoforged.fml.ModLoader/]: Cowardly refusing to send event net.neoforged.neoforge.client.event.RegisterSpriteSourceTypesEvent to a broken mod state
[13Nov2025 11:50:39.833] [Render thread/ERROR] [net.neoforged.fml.ModLoader/]: Cowardly refusing to send event net.neoforged.neoforge.client.event.RegisterMenuScreensEvent to a broken mod state
[13Nov2025 11:50:39.833] [Render thread/ERROR] [net.neoforged.fml.ModLoader/]: Cowardly refusing to send event net.neoforged.neoforge.client.event.RegisterClientReloadListenersEvent to a broken mod state
[13Nov2025 11:50:39.834] [Render thread/ERROR] [net.neoforged.fml.ModLoader/]: Cowardly refusing to send event net.neoforged.neoforge.client.event.EntityRenderersEvent$RegisterLayerDefinitions to a broken mod state
[13Nov2025 11:50:39.834] [Render thread/ERROR] [net.neoforged.fml.ModLoader/]: Cowardly refusing to send event net.neoforged.neoforge.client.event.EntityRenderersEvent$RegisterRenderers to a broken mod state
[13Nov2025 11:50:39.835] [Render thread/ERROR] [net.neoforged.fml.ModLoader/]: Cowardly refusing to send event net.neoforged.neoforge.client.event.RegisterClientTooltipComponentFactoriesEvent to a broken mod state
[13Nov2025 11:50:39.836] [Render thread/ERROR] [net.neoforged.fml.ModLoader/]: Cowardly refusing to send event net.neoforged.neoforge.client.event.RegisterEntitySpectatorShadersEvent to a broken mod state
[13Nov2025 11:50:39.836] [Render thread/ERROR] [net.neoforged.fml.ModLoader/]: Cowardly refusing to send event net.neoforged.neoforge.client.event.RegisterKeyMappingsEvent to a broken mod state
[13Nov2025 11:50:39.838] [Render thread/ERROR] [net.neoforged.fml.ModLoader/]: Cowardly refusing to send event net.neoforged.neoforge.client.event.RegisterRecipeBookCategoriesEvent to a broken mod state
[13Nov2025 11:50:39.839] [Render thread/ERROR] [net.neoforged.fml.ModLoader/]: Cowardly refusing to send event net.neoforged.neoforge.client.event.RegisterGuiLayersEvent to a broken mod state
[13Nov2025 11:50:39.841] [Render thread/ERROR] [net.neoforged.fml.ModLoader/]: Cowardly refusing to send event net.neoforged.neoforge.client.event.RegisterDimensionSpecialEffectsEvent to a broken mod state
[13Nov2025 11:50:39.843] [Render thread/ERROR] [net.neoforged.fml.ModLoader/]: Cowardly refusing to send event net.neoforged.neoforge.client.event.RegisterNamedRenderTypesEvent to a broken mod state
[13Nov2025 11:50:39.844] [Render thread/ERROR] [net.neoforged.fml.ModLoader/]: Cowardly refusing to send event net.neoforged.neoforge.client.event.RegisterColorHandlersEvent$ColorResolvers to a broken mod state
[13Nov2025 11:50:39.845] [Render thread/ERROR] [net.neoforged.fml.ModLoader/]: Cowardly refusing to send event net.neoforged.neoforge.client.event.RegisterItemDecorationsEvent to a broken mod state
[13Nov2025 11:50:39.852] [Render thread/ERROR] [net.neoforged.fml.ModLoader/]: Cowardly refusing to send event net.neoforged.neoforge.client.event.RegisterPresetEditorsEvent to a broken mod state
[13Nov2025 11:50:39.853] [Render thread/ERROR] [net.neoforged.fml.ModLoader/]: Cowardly refusing to send event net.neoforged.neoforge.client.gui.map.RegisterMapDecorationRenderersEvent to a broken mod state
[13Nov2025 11:50:39.854] [Render thread/ERROR] [net.neoforged.fml.ModLoader/]: Cowardly refusing to send event net.neoforged.neoforge.client.event.RegisterDimensionTransitionScreenEvent to a broken mod state
[13Nov2025 11:50:39.876] [Render thread/ERROR] [net.neoforged.fml.ModLoader/]: Cowardly refusing to send event net.neoforged.neoforge.client.event.RegisterJsonAnimationTypesEvent to a broken mod state
[13Nov2025 11:50:40.068] [Render thread/INFO] [net.minecraft.server.packs.resources.ReloadableResourceManager/]: Reloading ResourceManager: vanilla
[13Nov2025 11:50:40.165] [Render thread/ERROR] [net.neoforged.fml.ModLoader/]: Cowardly refusing to send event net.neoforged.neoforge.client.event.ModelEvent$RegisterGeometryLoaders to a broken mod state
[13Nov2025 11:50:40.271] [Worker-Main-3/INFO] [net.minecraft.client.gui.font.providers.UnihexProvider/]: Found unifont_all_no_pua-15.1.05.hex, loading
[13Nov2025 11:50:40.741] [Worker-Main-6/INFO] [net.minecraft.client.gui.font.providers.UnihexProvider/]: Found unifont_jp_patch-15.1.05.hex, loading
[13Nov2025 11:50:42.107] [Worker-Main-4/ERROR] [net.neoforged.fml.ModLoader/]: Cowardly refusing to send event net.neoforged.neoforge.client.event.ModelEvent$RegisterAdditional to a broken mod state
[13Nov2025 11:50:42.935] [Worker-Main-4/ERROR] [net.neoforged.fml.ModLoader/]: Cowardly refusing to send event net.neoforged.neoforge.client.event.ModelEvent$ModifyBakingResult to a broken mod state
[13Nov2025 11:50:43.048] [Render thread/WARN] [net.minecraft.client.sounds.SoundEngine/]: Missing sound for event: minecraft:item.goat_horn.play
[13Nov2025 11:50:43.049] [Render thread/WARN] [net.minecraft.client.sounds.SoundEngine/]: Missing sound for event: minecraft:entity.goat.screaming.horn_break
[13Nov2025 11:50:44.389] [Render thread/INFO] [com.mojang.blaze3d.audio.Library/]: OpenAL initialized on device OpenAL Soft on Speaker / Headphone (Realtek(R) Audio)
[13Nov2025 11:50:44.390] [Render thread/INFO] [net.minecraft.client.sounds.SoundEngine/SOUNDS]: Sound engine started
[13Nov2025 11:50:44.391] [Render thread/ERROR] [net.neoforged.fml.ModLoader/]: Cowardly refusing to send event net.neoforged.neoforge.client.event.sound.SoundEngineLoadEvent to a broken mod state
[13Nov2025 11:50:44.639] [Render thread/INFO] [net.minecraft.client.renderer.texture.TextureAtlas/]: Created: 1024x512x4 minecraft:textures/atlas/blocks.png-atlas
[13Nov2025 11:50:44.814] [Render thread/ERROR] [net.neoforged.fml.ModLoader/]: Cowardly refusing to send event net.neoforged.neoforge.client.event.TextureAtlasStitchedEvent to a broken mod state
[13Nov2025 11:50:44.814] [Render thread/INFO] [net.minecraft.client.renderer.texture.TextureAtlas/]: Created: 256x256x4 minecraft:textures/atlas/signs.png-atlas
[13Nov2025 11:50:44.817] [Render thread/ERROR] [net.neoforged.fml.ModLoader/]: Cowardly refusing to send event net.neoforged.neoforge.client.event.TextureAtlasStitchedEvent to a broken mod state
[13Nov2025 11:50:44.817] [Render thread/INFO] [net.minecraft.client.renderer.texture.TextureAtlas/]: Created: 512x512x4 minecraft:textures/atlas/shield_patterns.png-atlas
[13Nov2025 11:50:44.824] [Render thread/ERROR] [net.neoforged.fml.ModLoader/]: Cowardly refusing to send event net.neoforged.neoforge.client.event.TextureAtlasStitchedEvent to a broken mod state
[13Nov2025 11:50:44.824] [Render thread/INFO] [net.minecraft.client.renderer.texture.TextureAtlas/]: Created: 512x512x4 minecraft:textures/atlas/banner_patterns.png-atlas
[13Nov2025 11:50:44.831] [Render thread/ERROR] [net.neoforged.fml.ModLoader/]: Cowardly refusing to send event net.neoforged.neoforge.client.event.TextureAtlasStitchedEvent to a broken mod state
[13Nov2025 11:50:44.832] [Render thread/INFO] [net.minecraft.client.renderer.texture.TextureAtlas/]: Created: 1024x1024x4 minecraft:textures/atlas/armor_trims.png-atlas
[13Nov2025 11:50:44.896] [Render thread/ERROR] [net.neoforged.fml.ModLoader/]: Cowardly refusing to send event net.neoforged.neoforge.client.event.TextureAtlasStitchedEvent to a broken mod state
[13Nov2025 11:50:44.896] [Render thread/INFO] [net.minecraft.client.renderer.texture.TextureAtlas/]: Created: 256x256x4 minecraft:textures/atlas/chest.png-atlas
[13Nov2025 11:50:44.900] [Render thread/ERROR] [net.neoforged.fml.ModLoader/]: Cowardly refusing to send event net.neoforged.neoforge.client.event.TextureAtlasStitchedEvent to a broken mod state
[13Nov2025 11:50:44.900] [Render thread/INFO] [net.minecraft.client.renderer.texture.TextureAtlas/]: Created: 128x64x4 minecraft:textures/atlas/decorated_pot.png-atlas
[13Nov2025 11:50:44.904] [Render thread/ERROR] [net.neoforged.fml.ModLoader/]: Cowardly refusing to send event net.neoforged.neoforge.client.event.TextureAtlasStitchedEvent to a broken mod state
[13Nov2025 11:50:44.904] [Render thread/INFO] [net.minecraft.client.renderer.texture.TextureAtlas/]: Created: 512x256x4 minecraft:textures/atlas/shulker_boxes.png-atlas
[13Nov2025 11:50:44.909] [Render thread/ERROR] [net.neoforged.fml.ModLoader/]: Cowardly refusing to send event net.neoforged.neoforge.client.event.TextureAtlasStitchedEvent to a broken mod state
[13Nov2025 11:50:44.909] [Render thread/INFO] [net.minecraft.client.renderer.texture.TextureAtlas/]: Created: 512x256x4 minecraft:textures/atlas/beds.png-atlas
[13Nov2025 11:50:44.913] [Render thread/ERROR] [net.neoforged.fml.ModLoader/]: Cowardly refusing to send event net.neoforged.neoforge.client.event.TextureAtlasStitchedEvent to a broken mod state
[13Nov2025 11:50:44.913] [Render thread/ERROR] [net.neoforged.fml.ModLoader/]: Cowardly refusing to send event net.neoforged.neoforge.client.event.ModelEvent$BakingCompleted to a broken mod state
[13Nov2025 11:50:45.026] [Render thread/ERROR] [net.neoforged.fml.ModLoader/]: Cowardly refusing to send event net.neoforged.neoforge.client.event.EntityRenderersEvent$CreateSkullModels to a broken mod state
[13Nov2025 11:50:45.032] [Render thread/ERROR] [net.neoforged.fml.ModLoader/]: Cowardly refusing to send event net.neoforged.neoforge.client.event.EntityRenderersEvent$CreateSkullModels to a broken mod state
[13Nov2025 11:50:45.145] [Render thread/ERROR] [net.neoforged.fml.ModLoader/]: Cowardly refusing to send event net.neoforged.neoforge.client.event.EntityRenderersEvent$CreateSkullModels to a broken mod state
[13Nov2025 11:50:45.157] [Render thread/ERROR] [net.neoforged.fml.ModLoader/]: Cowardly refusing to send event net.neoforged.neoforge.client.event.EntityRenderersEvent$CreateSkullModels to a broken mod state
[13Nov2025 11:50:45.157] [Render thread/ERROR] [net.neoforged.fml.ModLoader/]: Cowardly refusing to send event net.neoforged.neoforge.client.event.EntityRenderersEvent$CreateSkullModels to a broken mod state
[13Nov2025 11:50:45.161] [Render thread/ERROR] [net.neoforged.fml.ModLoader/]: Cowardly refusing to send event net.neoforged.neoforge.client.event.EntityRenderersEvent$CreateSkullModels to a broken mod state
[13Nov2025 11:50:45.161] [Render thread/ERROR] [net.neoforged.fml.ModLoader/]: Cowardly refusing to send event net.neoforged.neoforge.client.event.EntityRenderersEvent$CreateSkullModels to a broken mod state
[13Nov2025 11:50:45.165] [Render thread/ERROR] [net.neoforged.fml.ModLoader/]: Cowardly refusing to send event net.neoforged.neoforge.client.event.EntityRenderersEvent$CreateSkullModels to a broken mod state
[13Nov2025 11:50:45.169] [Render thread/ERROR] [net.neoforged.fml.ModLoader/]: Cowardly refusing to send event net.neoforged.neoforge.client.event.EntityRenderersEvent$CreateSkullModels to a broken mod state
[13Nov2025 11:50:45.171] [Render thread/ERROR] [net.neoforged.fml.ModLoader/]: Cowardly refusing to send event net.neoforged.neoforge.client.event.EntityRenderersEvent$CreateSkullModels to a broken mod state
[13Nov2025 11:50:45.173] [Render thread/ERROR] [net.neoforged.fml.ModLoader/]: Cowardly refusing to send event net.neoforged.neoforge.client.event.EntityRenderersEvent$CreateSkullModels to a broken mod state
[13Nov2025 11:50:45.173] [Render thread/ERROR] [net.neoforged.fml.ModLoader/]: Cowardly refusing to send event net.neoforged.neoforge.client.event.EntityRenderersEvent$CreateSkullModels to a broken mod state
[13Nov2025 11:50:45.176] [Render thread/ERROR] [net.neoforged.fml.ModLoader/]: Cowardly refusing to send event net.neoforged.neoforge.client.event.EntityRenderersEvent$CreateSkullModels to a broken mod state
[13Nov2025 11:50:45.182] [Render thread/ERROR] [net.neoforged.fml.ModLoader/]: Cowardly refusing to send event net.neoforged.neoforge.client.event.EntityRenderersEvent$CreateSkullModels to a broken mod state
[13Nov2025 11:50:45.183] [Render thread/ERROR] [net.neoforged.fml.ModLoader/]: Cowardly refusing to send event net.neoforged.neoforge.client.event.EntityRenderersEvent$CreateSkullModels to a broken mod state
[13Nov2025 11:50:45.184] [Render thread/ERROR] [net.neoforged.fml.ModLoader/]: Cowardly refusing to send event net.neoforged.neoforge.client.event.EntityRenderersEvent$CreateSkullModels to a broken mod state
[13Nov2025 11:50:45.184] [Render thread/ERROR] [net.neoforged.fml.ModLoader/]: Cowardly refusing to send event net.neoforged.neoforge.client.event.EntityRenderersEvent$CreateSkullModels to a broken mod state
[13Nov2025 11:50:45.185] [Render thread/ERROR] [net.neoforged.fml.ModLoader/]: Cowardly refusing to send event net.neoforged.neoforge.client.event.EntityRenderersEvent$CreateSkullModels to a broken mod state
[13Nov2025 11:50:45.187] [Render thread/ERROR] [net.neoforged.fml.ModLoader/]: Cowardly refusing to send event net.neoforged.neoforge.client.event.EntityRenderersEvent$CreateSkullModels to a broken mod state
[13Nov2025 11:50:45.191] [Render thread/ERROR] [net.neoforged.fml.ModLoader/]: Cowardly refusing to send event net.neoforged.neoforge.client.event.EntityRenderersEvent$CreateSkullModels to a broken mod state
[13Nov2025 11:50:45.197] [Render thread/ERROR] [net.neoforged.fml.ModLoader/]: Cowardly refusing to send event net.neoforged.neoforge.client.event.EntityRenderersEvent$CreateSkullModels to a broken mod state
[13Nov2025 11:50:45.199] [Render thread/ERROR] [net.neoforged.fml.ModLoader/]: Cowardly refusing to send event net.neoforged.neoforge.client.event.EntityRenderersEvent$CreateSkullModels to a broken mod state
[13Nov2025 11:50:45.199] [Render thread/ERROR] [net.neoforged.fml.ModLoader/]: Cowardly refusing to send event net.neoforged.neoforge.client.event.EntityRenderersEvent$AddLayers to a broken mod state
[13Nov2025 11:50:45.199] [Render thread/INFO] [net.minecraft.client.renderer.texture.TextureAtlas/]: Created: 512x256x0 minecraft:textures/atlas/particles.png-atlas
[13Nov2025 11:50:45.257] [Render thread/ERROR] [net.neoforged.fml.ModLoader/]: Cowardly refusing to send event net.neoforged.neoforge.client.event.TextureAtlasStitchedEvent to a broken mod state
[13Nov2025 11:50:45.258] [Render thread/INFO] [net.minecraft.client.renderer.texture.TextureAtlas/]: Created: 512x256x0 minecraft:textures/atlas/paintings.png-atlas
[13Nov2025 11:50:45.263] [Render thread/ERROR] [net.neoforged.fml.ModLoader/]: Cowardly refusing to send event net.neoforged.neoforge.client.event.TextureAtlasStitchedEvent to a broken mod state
[13Nov2025 11:50:45.264] [Render thread/INFO] [net.minecraft.client.renderer.texture.TextureAtlas/]: Created: 256x128x0 minecraft:textures/atlas/mob_effects.png-atlas
[13Nov2025 11:50:45.267] [Render thread/ERROR] [net.neoforged.fml.ModLoader/]: Cowardly refusing to send event net.neoforged.neoforge.client.event.TextureAtlasStitchedEvent to a broken mod state
[13Nov2025 11:50:45.267] [Render thread/INFO] [net.minecraft.client.renderer.texture.TextureAtlas/]: Created: 64x64x0 minecraft:textures/atlas/map_decorations.png-atlas
[13Nov2025 11:50:45.270] [Render thread/ERROR] [net.neoforged.fml.ModLoader/]: Cowardly refusing to send event net.neoforged.neoforge.client.event.TextureAtlasStitchedEvent to a broken mod state
[13Nov2025 11:50:45.270] [Render thread/INFO] [net.minecraft.client.renderer.texture.TextureAtlas/]: Created: 1024x512x0 minecraft:textures/atlas/gui.png-atlas
[13Nov2025 11:50:45.306] [Render thread/ERROR] [net.neoforged.fml.ModLoader/]: Cowardly refusing to send event net.neoforged.neoforge.client.event.TextureAtlasStitchedEvent to a broken mod state
[13Nov2025 11:50:45.624] [Render thread/WARN] [net.minecraft.client.renderer.ShaderInstance/]: Shader rendertype_entity_translucent_emissive could not find sampler named Sampler2 in the specified shader program.
[13Nov2025 11:50:46.145] [Render thread/ERROR] [net.neoforged.fml.ModLoader/]: Cowardly refusing to send event net.neoforged.neoforge.client.event.RegisterShadersEvent to a broken mod state
[13Nov2025 11:50:46.277] [Render thread/DEBUG] [oshi.util.FileUtil/]: No oshi.architecture.properties file found from ClassLoader cpw.mods.modlauncher.TransformingClassLoader@4e61e4c2
[13Nov2025 11:50:46.322] [Render thread/ERROR] [net.minecraft.CrashReport/]: Negative index in crash report handler (0/28)
[13Nov2025 11:50:46.337] [Render thread/FATAL] [net.neoforged.neoforge.client.loading.ClientModLoader/]: Crash report saved to .\crash-reports\crash-2025-11-13_11.50.46-fml.txt
[13Nov2025 11:50:51.249] [Render thread/INFO] [net.minecraft.client.Minecraft/]: Stopping!
